{"level":"debug","time":"2026-09-26T01:22:08.687+0530","caller":"cmd/bin.go:138","msg":"cli os: windows, cli arch: amd64"}
{"level":"debug","time":"2026-09-26T01:22:08.690+0530","caller":"cmd/bin.go:139","msg":"Current binary version: 0.2.357, Environment: prod"}
{"level":"debug","time":"2026-09-26T01:22:09.504+0530","caller":"cmd/bin.go:148","msg":"Upstream version details: {Name:cli Min:0.2.265 Max:0.2.357} "}
{"level":"info","time":"2026-09-26T01:22:09.504+0530","caller":"cmd/bin.go:196","msg":"Generating TraceID for tracking request: 01M3D202EK2BAVEH4DG7TDA9T6 \n"}
{"level":"debug","time":"2026-09-26T01:22:15.207+0530","caller":"core/lifecycle.go:124","msg":"Setting environment"}
{"level":"debug","time":"2026-09-26T01:22:15.213+0530","caller":"core/lifecycle.go:127","msg":"Parsing config"}
{"level":"debug","time":"2026-09-26T01:22:15.213+0530","caller":"yamlconfigmanager/setup.go:746","msg":"Custom location for .hyperexecute.yaml specified. Using: hyperexecute.yaml"}
{"level":"debug","time":"2026-09-26T01:22:15.214+0530","caller":"yamlconfigmanager/setup.go:120","msg":"using hyperexecute config from : hyperexecute.yaml"}
{"level":"debug","time":"2026-09-26T01:22:15.214+0530","caller":"yamlconfigmanager/setup.go:2013","msg":"Environment variable not set against the variable - matrix.os mentioned in yaml"}
{"level":"debug","time":"2026-09-26T01:22:16.612+0530","caller":"yamlconfigmanager/setup.go:2250","msg":"Autodetecting test type in files of path : C:\\Users\\ROHIN\\Downloads\\playwright"}
{"level":"debug","time":"2026-09-26T01:22:16.612+0530","caller":"yamlconfigmanager/setup.go:2292","msg":"File in which test type is detected - C:\\Users\\ROHIN\\Downloads\\playwright/package.json"}
{"level":"debug","time":"2026-09-26T01:22:16.612+0530","caller":"yamlconfigmanager/setup.go:2293","msg":"Pre command in which test type is detected - npx playwright install"}
{"level":"debug","time":"2026-09-26T01:22:16.612+0530","caller":"yamlconfigmanager/setup.go:526","msg":"Automatic test type detected - playwright"}
{"level":"debug","time":"2026-09-26T01:22:17.491+0530","caller":"yamlconfigmanager/setup.go:1675","msg":"dynamic discovery redirect: flag off, keeping mode=dynamic"}
{"level":"debug","time":"2026-09-26T01:22:17.491+0530","caller":"yamlconfigmanager/setup.go:570","msg":"Tunnel: false"}
{"level":"info","time":"2026-09-26T01:22:17.491+0530","caller":"models/HypertestYamlConfig.go:993","msg":"\n\u001b[4m\u001b[1m\u001b[97mExecution Plan\u001b[0m\u001b[22m\u001b[24m"}
{"level":"info","time":"2026-09-26T01:22:17.491+0530","caller":"models/HypertestYamlConfig.go:792","msg":"Mode:    \u001b[36mhybrid\u001b[0m"}
{"level":"info","time":"2026-09-26T01:22:17.491+0530","caller":"models/HypertestYamlConfig.go:846","msg":"Parallelism:    \u001b[36m Linux - 1  Default - 1\u001b[0m"}
{"level":"info","time":"2026-09-26T01:22:17.491+0530","caller":"models/HypertestYamlConfig.go:854","msg":"Runson:    \u001b[36m${matrix.os}\u001b[0m"}
{"level":"info","time":"2026-09-26T01:22:17.491+0530","caller":"models/HypertestYamlConfig.go:862","msg":"Concurrency:    \u001b[36m2\u001b[0m"}
{"level":"info","time":"2026-09-26T01:22:17.492+0530","caller":"models/HypertestYamlConfig.go:926","msg":"Report:    \u001b[36menabled\u001b[0m"}
{"level":"info","time":"2026-09-26T01:22:17.492+0530","caller":"models/HypertestYamlConfig.go:940","msg":"Artefacts:"}
{"level":"info","time":"2026-09-26T01:22:17.492+0530","caller":"models/HypertestYamlConfig.go:943","msg":"    FinalReport:    \u001b[36mplaywright-report/**\u001b[0m"}
{"level":"info","time":"2026-09-26T01:22:17.492+0530","caller":"models/HypertestYamlConfig.go:958","msg":"Cache Directories:"}
{"level":"info","time":"2026-09-26T01:22:17.492+0530","caller":"models/HypertestYamlConfig.go:960","msg":"    \u001b[36mnode_modules\u001b[0m"}
{"level":"info","time":"2026-09-26T01:22:17.492+0530","caller":"models/HypertestYamlConfig.go:1006","msg":""}
{"level":"debug","time":"2026-09-26T01:22:17.492+0530","caller":"filevalidator/setup.go:50","msg":"Warning: Checking data.json file in current directory, no dataJsonPath found in .hyperexecute.yaml"}
{"level":"debug","time":"2026-09-26T01:22:17.492+0530","caller":"filevalidator/setup.go:54","msg":"Warning: data.json file doesn't exist"}
{"level":"info","time":"2026-09-26T01:22:21.643+0530","caller":"core/lifecycle.go:318","msg":"\u001b[102m\u001b[1m\u001b[30mYou've consumed 4.33 % of your limit. Free trial mins left - 287.00\u001b[0m\u001b[22m\u001b[0m"}
{"level":"debug","time":"2026-09-26T01:22:21.644+0530","caller":"core/lifecycle.go:397","msg":"Job ID: f133a04f-06e5-45e5-bee9-6f0be9d98354"}
{"level":"debug","time":"2026-09-26T01:22:21.644+0530","caller":"core/lifecycle.go:400","msg":"User - SwathyE, triggered job with ID f133a04f-06e5-45e5-bee9-6f0be9d98354 from CLI"}
{"level":"debug","time":"2026-09-26T01:22:21.644+0530","caller":"core/lifecycle.go:403","msg":"User has provided playwright as test type for the job with ID f133a04f-06e5-45e5-bee9-6f0be9d98354"}
{"level":"debug","time":"2026-09-26T01:22:21.644+0530","caller":"events/manager.go:97","msg":"Starting event manager"}
{"level":"debug","time":"2026-09-26T01:22:21.644+0530","caller":"events/manager.go:99","msg":"SSE enabled, getting SSE connection"}
{"level":"debug","time":"2026-09-26T01:22:21.659+0530","caller":"archivemanager/setup.go:341","msg":"digestMap: map[]"}
{"level":"debug","time":"2026-09-26T01:22:21.659+0530","caller":"archivemanager/setup.go:347","msg":"Creating archive of target directory: C:\\Users\\ROHIN\\Downloads\\playwright"}
{"level":"debug","time":"2026-09-26T01:22:21.680+0530","caller":"core/lifecycle.go:554","msg":"Zip file size: 7.75 kB"}
{"level":"debug","time":"2026-09-26T01:22:21.680+0530","caller":"core/lifecycle.go:564","msg":"Archive location: C:\\Users\\ROHIN\\Downloads\\playwright\\hyperexecute-code-f133a04f-06e5-45e5-bee9-6f0be9d98354.zip\n"}
{"level":"debug","time":"2026-09-26T01:22:21.681+0530","caller":"receptionmanager/setup.go:441","msg":"number of entries in runtimes: 0, switching to new yaml format"}
{"level":"debug","time":"2026-09-26T01:22:21.682+0530","caller":"receptionmanager/setup.go:470","msg":"number of entries in partialreports: 0, switching to new yaml format"}
{"level":"debug","time":"2026-09-26T01:22:21.682+0530","caller":"receptionmanager/setup.go:221","msg":"policy enforce: feature flag off, skipping enforcement"}
{"level":"debug","time":"2026-09-26T01:22:21.684+0530","caller":"receptionmanager/setup.go:355","msg":"Uploading yaml : C:\\Users\\ROHIN\\Downloads\\playwright\\.updatedhyperexecute.yaml"}
{"level":"debug","time":"2026-09-26T01:22:21.684+0530","caller":"storage/azure.go:59","msg":"Payload size: 4.06 kB, source path C:\\Users\\ROHIN\\Downloads\\playwright\\.updatedhyperexecute.yaml"}
{"level":"debug","time":"2026-09-26T01:22:21.686+0530","caller":"utils/azcopy.go:133","msg":"Downloading dependency binary ..................."}
{"level":"debug","time":"2026-09-26T01:22:21.910+0530","caller":"utils/azcopy.go:90","msg":"Downloading dependency to upload files"}
{"level":"debug","time":"2026-09-26T01:22:22.798+0530","caller":"events/manager.go:288","msg":"connection to hyperexecute server established successfully."}
{"level":"info","time":"2026-09-26T01:22:26.769+0530","caller":"utils/azcopy.go:108","msg":"✔ Dependency binary downloaded successfully"}
{"level":"debug","time":"2026-09-26T01:22:26.769+0530","caller":"utils/azcopy.go:184","msg":"returning from fallback"}
{"level":"debug","time":"2026-09-26T01:22:30.011+0530","caller":"storage/azure.go:83","msg":"Azcopy output: \n\r100.0 %, 1 Done, 0 Failed, 0 Pending, 0 Skipped, 1 Total, 2-sec Throughput (Mb/s): 0.0162\nTotal time taken to upload(min) :0.0333\n, stderr: "}
{"level":"info","time":"2026-09-26T01:22:30.011+0530","caller":"storage/azure.go:122","msg":"File: C:\\Users\\ROHIN\\Downloads\\playwright\\.updatedhyperexecute.yaml upload completed in 8.3271012s"}
{"level":"debug","time":"2026-09-26T01:22:30.012+0530","caller":"storage/azure.go:59","msg":"Payload size: 7.75 kB, source path C:\\Users\\ROHIN\\Downloads\\playwright\\hyperexecute-code-f133a04f-06e5-45e5-bee9-6f0be9d98354.zip"}
{"level":"debug","time":"2026-09-26T01:22:33.168+0530","caller":"storage/azure.go:83","msg":"Azcopy output: \n\r100.0 %, 1 Done, 0 Failed, 0 Pending, 0 Skipped, 1 Total, 2-sec Throughput (Mb/s): 0.031\nTotal time taken to upload(min) :0.0333\n, stderr: "}
{"level":"info","time":"2026-09-26T01:22:33.168+0530","caller":"storage/azure.go:122","msg":"File: C:\\Users\\ROHIN\\Downloads\\playwright\\hyperexecute-code-f133a04f-06e5-45e5-bee9-6f0be9d98354.zip upload completed in 3.1566042s"}
{"level":"debug","time":"2026-09-26T01:22:33.169+0530","caller":"core/lifecycle.go:605","msg":"Successfully deleted code archive: C:\\Users\\ROHIN\\Downloads\\playwright\\hyperexecute-code-f133a04f-06e5-45e5-bee9-6f0be9d98354.zip\n"}
{"level":"debug","time":"2026-09-26T01:22:33.171+0530","caller":"storage/azure.go:59","msg":"Payload size: 562 B, source path mask-f133a04f-06e5-45e5-bee9-6f0be9d98354.yaml"}
{"level":"debug","time":"2026-09-26T01:22:36.383+0530","caller":"storage/azure.go:83","msg":"Azcopy output: \n\r100.0 %, 1 Done, 0 Failed, 0 Pending, 0 Skipped, 1 Total, 2-sec Throughput (Mb/s): 0.0022\nTotal time taken to upload(min) :0.0334\n, stderr: "}
{"level":"info","time":"2026-09-26T01:22:36.383+0530","caller":"storage/azure.go:122","msg":"File: mask-f133a04f-06e5-45e5-bee9-6f0be9d98354.yaml upload completed in 3.2121923s"}
{"level":"debug","time":"2026-09-26T01:22:36.384+0530","caller":"httpclient/client.go:45","msg":"[DEBUG] POST https://api-hyperexecute.lambdatest.com/dispatcher/api/dispatcher"}
{"level":"info","time":"2026-09-26T01:22:37.542+0530","caller":"dispatchermanager/setup.go:94","msg":"Dispatch attempt to https://api-hyperexecute.lambdatest.com/dispatcher returned status 200"}
{"level":"debug","time":"2026-09-26T01:22:38.518+0530","caller":"jobmanager/sse_setup.go:192","msg":"Task id: HYPL-2752721-1790365956499426721SRE"}
{"level":"debug","time":"2026-09-26T01:22:38.518+0530","caller":"jobmanager/sse_setup.go:193","msg":"Sending new task alert to stage manager for taskId: HYPL-2752721-1790365956499426721SRE"}
{"level":"debug","time":"2026-09-26T01:22:38.518+0530","caller":"jobmanager/sse_setup.go:192","msg":"Task id: HYPW-2752721-1790365956504515211LRU"}
{"level":"debug","time":"2026-09-26T01:22:38.518+0530","caller":"jobmanager/sse_setup.go:193","msg":"Sending new task alert to stage manager for taskId: HYPW-2752721-1790365956504515211LRU"}
{"level":"info","time":"2026-09-26T01:22:40.838+0530","caller":"terminal/terminal.go:187","msg":"✔ [1]  cache-download (1s)\n"}
{"level":"info","time":"2026-09-26T01:22:41.201+0530","caller":"jobmanager/sse_setup.go:84","msg":"\nJob f133a04f-06e5-45e5-bee9-6f0be9d98354 has started RUNNING"}
{"level":"info","time":"2026-09-26T01:22:41.202+0530","caller":"jobmanager/manager.go:136","msg":"Job Link: https://hyperexecute.lambdatest.com/hyperexecute/task?jobId=f133a04f-06e5-45e5-bee9-6f0be9d98354\n"}
{"level":"info","time":"2026-09-26T01:22:41.862+0530","caller":"terminal/terminal.go:187","msg":"✔ [2]  cache-download (1s)\n"}
{"level":"info","time":"2026-09-26T01:22:45.624+0530","caller":"terminal/terminal.go:187","msg":"x [1]  pre (5s)\n"}
{"level":"info","time":"2026-09-26T01:22:52.308+0530","caller":"terminal/terminal.go:187","msg":"x [2]  pre (10s)\n"}
{"level":"debug","time":"2026-09-26T01:22:54.221+0530","caller":"jobmanager/sse_setup.go:134","msg":"\n\nJob status"}
{"level":"info","time":"2026-09-26T01:22:54.221+0530","caller":"core/lifecycle.go:708","msg":"taskId:HYPL-2752721-1790365956499426721SRE has failed with remark: Job failed at prerun step. Please check your Yaml configuration.\n"}
{"level":"info","time":"2026-09-26T01:22:54.221+0530","caller":"core/lifecycle.go:708","msg":"taskId:HYPW-2752721-1790365956504515211LRU has failed with remark: Job failed at prerun step. Please check your Yaml configuration.\n"}
{"level":"info","time":"2026-09-26T01:22:54.998+0530","caller":"jobmanager/JobSummaryManager.go:54","msg":"\n FAILED \n"}
{"level":"info","time":"2026-09-26T01:22:54.999+0530","caller":"jobmanager/JobSummaryManager.go:113","msg":"    Test Execution Time:                  0s"}
{"level":"info","time":"2026-09-26T01:22:54.999+0530","caller":"jobmanager/JobSummaryManager.go:113","msg":"    Job Duration Time:                    12s"}
{"level":"info","time":"2026-09-26T01:22:54.999+0530","caller":"jobmanager/JobSummaryManager.go:113","msg":"    Total Tasks:                          2"}
{"level":"info","time":"2026-09-26T01:22:54.999+0530","caller":"jobmanager/JobSummaryManager.go:113","msg":"    Cumulative Time Consumed:             16s"}
{"level":"info","time":"2026-09-26T01:22:54.999+0530","caller":"jobmanager/JobSummaryManager.go:113","msg":"    Total Stages:                         2"}
{"level":"info","time":"2026-09-26T01:22:54.999+0530","caller":"jobmanager/JobSummaryManager.go:113","msg":"    Pass discovery stage percentage:      0.00%"}
{"level":"info","time":"2026-09-26T01:22:54.999+0530","caller":"jobmanager/JobSummaryManager.go:113","msg":"    Failed discovery stage percentage:    0.00%"}
{"level":"info","time":"2026-09-26T01:22:54.999+0530","caller":"jobmanager/JobSummaryManager.go:113","msg":"    Pass pre stage percentage:            0.00%"}
{"level":"info","time":"2026-09-26T01:22:54.999+0530","caller":"jobmanager/JobSummaryManager.go:113","msg":"    Failed pre stage percentage:          100.00%"}
{"level":"info","time":"2026-09-26T01:22:54.999+0530","caller":"jobmanager/JobSummaryManager.go:113","msg":"    Pass test stage percentage:           0.00%"}
{"level":"info","time":"2026-09-26T01:22:54.999+0530","caller":"jobmanager/JobSummaryManager.go:113","msg":"    Failed test stage percentage:         0.00%"}
{"level":"info","time":"2026-09-26T01:22:54.999+0530","caller":"jobmanager/JobSummaryManager.go:113","msg":"    Pass post stage percentage:           0.00%"}
{"level":"info","time":"2026-09-26T01:22:54.999+0530","caller":"jobmanager/JobSummaryManager.go:113","msg":"    Failed post stage percentage:         0.00%"}
{"level":"info","time":"2026-09-26T01:22:54.999+0530","caller":"jobmanager/JobSummaryManager.go:113","msg":"    Failed Tasks:                         2"}
{"level":"info","time":"2026-09-26T01:22:55.000+0530","caller":"jobmanager/JobSummaryManager.go:58","msg":""}
{"level":"debug","time":"2026-09-26T01:22:55.002+0530","caller":"core/lifecycle.go:821","msg":"Context canceled"}
{"level":"info","time":"2026-09-26T01:22:55.002+0530","caller":"events/manager.go:338","msg":"context done and stopping SSE"}
{"level":"debug","time":"2026-09-26T01:22:55.003+0530","caller":"events/manager.go:256","msg":"Stopping event manager"}
{"level":"info","time":"2026-09-26T01:22:55.002+0530","caller":"core/lifecycle.go:824","msg":"Stopping pipeline gracefully"}
{"level":"error","time":"2026-09-26T01:22:55.003+0530","caller":"core/lifecycle.go:827","msg":"2026-09-26T01:22:07+05:30    error    Exiting with error: Failed tasks found."}
{"level":"info","time":"2026-09-26T01:22:55.004+0530","caller":"jobmanager/manager.go:136","msg":"Job Link: https://hyperexecute.lambdatest.com/hyperexecute/task?jobId=f133a04f-06e5-45e5-bee9-6f0be9d98354\n"}
{"level":"debug","time":"2026-09-26T01:22:55.004+0530","caller":"core/lifecycle.go:76","msg":"Quit requested from main goroutine...."}
{"level":"debug","time":"2026-09-26T01:22:55.004+0530","caller":"core/lifecycle.go:77","msg":"Waiting for the goroutines to exit"}
{"level":"debug","time":"2026-09-26T01:22:55.004+0530","caller":"core/lifecycle.go:80","msg":"All lifecycle goroutines exited"}
{"level":"debug","time":"2026-09-26T01:22:55.004+0530","caller":"cmd/bin.go:348","msg":"main: all goroutines have finished."}
{"level":"debug","time":"2026-09-26T01:22:55.004+0530","caller":"cmd/bin.go:387","msg":"Exiting application due to error Failed tasks found."}
{"level":"debug","time":"2026-09-26T01:25:34.413+0530","caller":"cmd/bin.go:138","msg":"cli os: windows, cli arch: amd64"}
{"level":"debug","time":"2026-09-26T01:25:34.414+0530","caller":"cmd/bin.go:139","msg":"Current binary version: 0.2.357, Environment: prod"}
{"level":"debug","time":"2026-09-26T01:25:35.070+0530","caller":"cmd/bin.go:148","msg":"Upstream version details: {Name:cli Min:0.2.265 Max:0.2.357} "}
{"level":"info","time":"2026-09-26T01:25:35.070+0530","caller":"cmd/bin.go:196","msg":"Generating TraceID for tracking request: 01M3D26B9ACXMA9NH296KHTKCR \n"}
{"level":"debug","time":"2026-09-26T01:25:40.252+0530","caller":"core/lifecycle.go:124","msg":"Setting environment"}
{"level":"debug","time":"2026-09-26T01:25:40.254+0530","caller":"core/lifecycle.go:127","msg":"Parsing config"}
{"level":"debug","time":"2026-09-26T01:25:40.254+0530","caller":"yamlconfigmanager/setup.go:746","msg":"Custom location for .hyperexecute.yaml specified. Using: hyperexecute.yaml"}
{"level":"debug","time":"2026-09-26T01:25:40.255+0530","caller":"yamlconfigmanager/setup.go:120","msg":"using hyperexecute config from : hyperexecute.yaml"}
{"level":"debug","time":"2026-09-26T01:25:40.256+0530","caller":"yamlconfigmanager/setup.go:2013","msg":"Environment variable not set against the variable - matrix.os mentioned in yaml"}
{"level":"debug","time":"2026-09-26T01:25:42.095+0530","caller":"yamlconfigmanager/setup.go:2250","msg":"Autodetecting test type in files of path : C:\\Users\\ROHIN\\Downloads\\playwright"}
{"level":"debug","time":"2026-09-26T01:25:42.095+0530","caller":"yamlconfigmanager/setup.go:2292","msg":"File in which test type is detected - C:\\Users\\ROHIN\\Downloads\\playwright/package.json"}
{"level":"debug","time":"2026-09-26T01:25:42.095+0530","caller":"yamlconfigmanager/setup.go:2293","msg":"Pre command in which test type is detected - node --version - npm --version - npm install - npx playwright install"}
{"level":"debug","time":"2026-09-26T01:25:42.095+0530","caller":"yamlconfigmanager/setup.go:526","msg":"Automatic test type detected - playwright"}
{"level":"debug","time":"2026-09-26T01:25:43.011+0530","caller":"yamlconfigmanager/setup.go:1675","msg":"dynamic discovery redirect: flag off, keeping mode=dynamic"}
{"level":"debug","time":"2026-09-26T01:25:43.011+0530","caller":"yamlconfigmanager/setup.go:570","msg":"Tunnel: false"}
{"level":"info","time":"2026-09-26T01:25:43.011+0530","caller":"models/HypertestYamlConfig.go:993","msg":"\n\u001b[4m\u001b[1m\u001b[97mExecution Plan\u001b[0m\u001b[22m\u001b[24m"}
{"level":"info","time":"2026-09-26T01:25:43.017+0530","caller":"models/HypertestYamlConfig.go:792","msg":"Mode:    \u001b[36mhybrid\u001b[0m"}
{"level":"info","time":"2026-09-26T01:25:43.017+0530","caller":"models/HypertestYamlConfig.go:846","msg":"Parallelism:    \u001b[36m Linux - 1  Default - 1\u001b[0m"}
{"level":"info","time":"2026-09-26T01:25:43.017+0530","caller":"models/HypertestYamlConfig.go:854","msg":"Runson:    \u001b[36m${matrix.os}\u001b[0m"}
{"level":"info","time":"2026-09-26T01:25:43.017+0530","caller":"models/HypertestYamlConfig.go:862","msg":"Concurrency:    \u001b[36m2\u001b[0m"}
{"level":"info","time":"2026-09-26T01:25:43.017+0530","caller":"models/HypertestYamlConfig.go:926","msg":"Report:    \u001b[36menabled\u001b[0m"}
{"level":"info","time":"2026-09-26T01:25:43.017+0530","caller":"models/HypertestYamlConfig.go:940","msg":"Artefacts:"}
{"level":"info","time":"2026-09-26T01:25:43.017+0530","caller":"models/HypertestYamlConfig.go:943","msg":"    FinalReport:    \u001b[36mplaywright-report/**\u001b[0m"}
{"level":"info","time":"2026-09-26T01:25:43.017+0530","caller":"models/HypertestYamlConfig.go:958","msg":"Cache Directories:"}
{"level":"info","time":"2026-09-26T01:25:43.017+0530","caller":"models/HypertestYamlConfig.go:960","msg":"    \u001b[36mnode_modules\u001b[0m"}
{"level":"info","time":"2026-09-26T01:25:43.017+0530","caller":"models/HypertestYamlConfig.go:1006","msg":""}
{"level":"debug","time":"2026-09-26T01:25:43.019+0530","caller":"filevalidator/setup.go:50","msg":"Warning: Checking data.json file in current directory, no dataJsonPath found in .hyperexecute.yaml"}
{"level":"debug","time":"2026-09-26T01:25:43.019+0530","caller":"filevalidator/setup.go:54","msg":"Warning: data.json file doesn't exist"}
{"level":"info","time":"2026-09-26T01:25:47.010+0530","caller":"core/lifecycle.go:318","msg":"\u001b[102m\u001b[1m\u001b[30mYou've consumed 4.33 % of your limit. Free trial mins left - 287.00\u001b[0m\u001b[22m\u001b[0m"}
{"level":"debug","time":"2026-09-26T01:25:47.011+0530","caller":"core/lifecycle.go:397","msg":"Job ID: d5fe3b6d-60f9-4c7d-a781-afbf65adcaea"}
{"level":"debug","time":"2026-09-26T01:25:47.011+0530","caller":"core/lifecycle.go:400","msg":"User - SwathyE, triggered job with ID d5fe3b6d-60f9-4c7d-a781-afbf65adcaea from CLI"}
{"level":"debug","time":"2026-09-26T01:25:47.011+0530","caller":"core/lifecycle.go:403","msg":"User has provided playwright as test type for the job with ID d5fe3b6d-60f9-4c7d-a781-afbf65adcaea"}
{"level":"debug","time":"2026-09-26T01:25:47.011+0530","caller":"events/manager.go:97","msg":"Starting event manager"}
{"level":"debug","time":"2026-09-26T01:25:47.011+0530","caller":"events/manager.go:99","msg":"SSE enabled, getting SSE connection"}
{"level":"debug","time":"2026-09-26T01:25:47.012+0530","caller":"archivemanager/setup.go:341","msg":"digestMap: map[]"}
{"level":"debug","time":"2026-09-26T01:25:47.012+0530","caller":"archivemanager/setup.go:347","msg":"Creating archive of target directory: C:\\Users\\ROHIN\\Downloads\\playwright"}
{"level":"debug","time":"2026-09-26T01:25:47.023+0530","caller":"core/lifecycle.go:554","msg":"Zip file size: 7.76 kB"}
{"level":"debug","time":"2026-09-26T01:25:47.023+0530","caller":"core/lifecycle.go:564","msg":"Archive location: C:\\Users\\ROHIN\\Downloads\\playwright\\hyperexecute-code-d5fe3b6d-60f9-4c7d-a781-afbf65adcaea.zip\n"}
{"level":"debug","time":"2026-09-26T01:25:47.024+0530","caller":"receptionmanager/setup.go:441","msg":"number of entries in runtimes: 0, switching to new yaml format"}
{"level":"debug","time":"2026-09-26T01:25:47.024+0530","caller":"receptionmanager/setup.go:470","msg":"number of entries in partialreports: 0, switching to new yaml format"}
{"level":"debug","time":"2026-09-26T01:25:47.024+0530","caller":"receptionmanager/setup.go:221","msg":"policy enforce: feature flag off, skipping enforcement"}
{"level":"debug","time":"2026-09-26T01:25:47.025+0530","caller":"receptionmanager/setup.go:355","msg":"Uploading yaml : C:\\Users\\ROHIN\\Downloads\\playwright\\.updatedhyperexecute.yaml"}
{"level":"debug","time":"2026-09-26T01:25:47.025+0530","caller":"storage/azure.go:59","msg":"Payload size: 4.13 kB, source path C:\\Users\\ROHIN\\Downloads\\playwright\\.updatedhyperexecute.yaml"}
{"level":"debug","time":"2026-09-26T01:25:48.442+0530","caller":"events/manager.go:288","msg":"connection to hyperexecute server established successfully."}
{"level":"debug","time":"2026-09-26T01:25:50.401+0530","caller":"storage/azure.go:83","msg":"Azcopy output: \n\r100.0 %, 1 Done, 0 Failed, 0 Pending, 0 Skipped, 1 Total, 2-sec Throughput (Mb/s): 0.0165\nTotal time taken to upload(min) :0.0333\n, stderr: "}
{"level":"info","time":"2026-09-26T01:25:50.401+0530","caller":"storage/azure.go:122","msg":"File: C:\\Users\\ROHIN\\Downloads\\playwright\\.updatedhyperexecute.yaml upload completed in 3.3765236s"}
{"level":"debug","time":"2026-09-26T01:25:50.402+0530","caller":"storage/azure.go:59","msg":"Payload size: 7.76 kB, source path C:\\Users\\ROHIN\\Downloads\\playwright\\hyperexecute-code-d5fe3b6d-60f9-4c7d-a781-afbf65adcaea.zip"}
{"level":"debug","time":"2026-09-26T01:25:53.534+0530","caller":"storage/azure.go:83","msg":"Azcopy output: \n\r100.0 %, 1 Done, 0 Failed, 0 Pending, 0 Skipped, 1 Total, 2-sec Throughput (Mb/s): 0.031\nTotal time taken to upload(min) :0.0333\n, stderr: "}
{"level":"info","time":"2026-09-26T01:25:53.534+0530","caller":"storage/azure.go:122","msg":"File: C:\\Users\\ROHIN\\Downloads\\playwright\\hyperexecute-code-d5fe3b6d-60f9-4c7d-a781-afbf65adcaea.zip upload completed in 3.1317432s"}
{"level":"debug","time":"2026-09-26T01:25:53.535+0530","caller":"core/lifecycle.go:605","msg":"Successfully deleted code archive: C:\\Users\\ROHIN\\Downloads\\playwright\\hyperexecute-code-d5fe3b6d-60f9-4c7d-a781-afbf65adcaea.zip\n"}
{"level":"debug","time":"2026-09-26T01:25:53.539+0530","caller":"storage/azure.go:59","msg":"Payload size: 591 B, source path mask-d5fe3b6d-60f9-4c7d-a781-afbf65adcaea.yaml"}
{"level":"debug","time":"2026-09-26T01:25:56.718+0530","caller":"storage/azure.go:83","msg":"Azcopy output: \n\r100.0 %, 1 Done, 0 Failed, 0 Pending, 0 Skipped, 1 Total, 2-sec Throughput (Mb/s): 0.0024\nTotal time taken to upload(min) :0.0333\n, stderr: "}
{"level":"info","time":"2026-09-26T01:25:56.719+0530","caller":"storage/azure.go:122","msg":"File: mask-d5fe3b6d-60f9-4c7d-a781-afbf65adcaea.yaml upload completed in 3.1804158s"}
{"level":"debug","time":"2026-09-26T01:25:56.720+0530","caller":"httpclient/client.go:45","msg":"[DEBUG] POST https://api-hyperexecute.lambdatest.com/dispatcher/api/dispatcher"}
{"level":"info","time":"2026-09-26T01:25:58.376+0530","caller":"dispatchermanager/setup.go:94","msg":"Dispatch attempt to https://api-hyperexecute.lambdatest.com/dispatcher returned status 200"}
{"level":"debug","time":"2026-09-26T01:25:59.298+0530","caller":"jobmanager/sse_setup.go:192","msg":"Task id: HYPL-2752721-1790366157127370575GFG"}
{"level":"debug","time":"2026-09-26T01:25:59.298+0530","caller":"jobmanager/sse_setup.go:193","msg":"Sending new task alert to stage manager for taskId: HYPL-2752721-1790366157127370575GFG"}
{"level":"debug","time":"2026-09-26T01:25:59.298+0530","caller":"jobmanager/sse_setup.go:192","msg":"Task id: HYPW-2752721-1790366157132654938PNU"}
{"level":"debug","time":"2026-09-26T01:25:59.298+0530","caller":"jobmanager/sse_setup.go:193","msg":"Sending new task alert to stage manager for taskId: HYPW-2752721-1790366157132654938PNU"}
{"level":"info","time":"2026-09-26T01:26:01.859+0530","caller":"terminal/terminal.go:187","msg":"✔ [1]  cache-download (1s)\n"}
{"level":"info","time":"2026-09-26T01:26:02.371+0530","caller":"jobmanager/sse_setup.go:84","msg":"\nJob d5fe3b6d-60f9-4c7d-a781-afbf65adcaea has started RUNNING"}
{"level":"info","time":"2026-09-26T01:26:02.371+0530","caller":"jobmanager/manager.go:136","msg":"Job Link: https://hyperexecute.lambdatest.com/hyperexecute/task?jobId=d5fe3b6d-60f9-4c7d-a781-afbf65adcaea\n"}
{"level":"info","time":"2026-09-26T01:26:02.683+0530","caller":"terminal/terminal.go:187","msg":"✔ [2]  cache-download (1s)\n"}
{"level":"info","time":"2026-09-26T01:26:02.823+0530","caller":"terminal/terminal.go:187","msg":"✔ [1]  pre (2s)\n"}
{"level":"info","time":"2026-09-26T01:26:03.242+0530","caller":"terminal/terminal.go:187","msg":"x [1]  discovery (1s)\n"}
{"level":"info","time":"2026-09-26T01:26:03.803+0530","caller":"terminal/terminal.go:187","msg":"✔ [2]  pre (2s)\n"}
{"level":"info","time":"2026-09-26T01:26:04.008+0530","caller":"terminal/terminal.go:187","msg":"x [2]  discovery (1s)\n"}
{"level":"debug","time":"2026-09-26T01:26:06.137+0530","caller":"jobmanager/sse_setup.go:134","msg":"\n\nJob status"}
{"level":"info","time":"2026-09-26T01:26:06.138+0530","caller":"core/lifecycle.go:708","msg":"taskId:HYPL-2752721-1790366157127370575GFG has failed with remark: Job failed at test_discovery step. Please check your Yaml configuration.\n"}
{"level":"info","time":"2026-09-26T01:26:06.138+0530","caller":"core/lifecycle.go:708","msg":"taskId:HYPW-2752721-1790366157132654938PNU has failed with remark: Job failed at test_discovery step. Please check your Yaml configuration.\n"}
{"level":"info","time":"2026-09-26T01:26:06.808+0530","caller":"jobmanager/JobSummaryManager.go:54","msg":"\n FAILED \n"}
{"level":"info","time":"2026-09-26T01:26:06.808+0530","caller":"jobmanager/JobSummaryManager.go:113","msg":"    Test Execution Time:                  0s"}
{"level":"info","time":"2026-09-26T01:26:06.808+0530","caller":"jobmanager/JobSummaryManager.go:113","msg":"    Job Duration Time:                    3s"}
{"level":"info","time":"2026-09-26T01:26:06.809+0530","caller":"jobmanager/JobSummaryManager.go:113","msg":"    Total Tasks:                          2"}
{"level":"info","time":"2026-09-26T01:26:06.809+0530","caller":"jobmanager/JobSummaryManager.go:113","msg":"    Cumulative Time Consumed:             4s"}
{"level":"info","time":"2026-09-26T01:26:06.809+0530","caller":"jobmanager/JobSummaryManager.go:113","msg":"    Total Stages:                         4"}
{"level":"info","time":"2026-09-26T01:26:06.809+0530","caller":"jobmanager/JobSummaryManager.go:113","msg":"    Pass discovery stage percentage:      0.00%"}
{"level":"info","time":"2026-09-26T01:26:06.809+0530","caller":"jobmanager/JobSummaryManager.go:113","msg":"    Failed discovery stage percentage:    100.00%"}
{"level":"info","time":"2026-09-26T01:26:06.809+0530","caller":"jobmanager/JobSummaryManager.go:113","msg":"    Pass pre stage percentage:            100.00%"}
{"level":"info","time":"2026-09-26T01:26:06.809+0530","caller":"jobmanager/JobSummaryManager.go:113","msg":"    Failed pre stage percentage:          0.00%"}
{"level":"info","time":"2026-09-26T01:26:06.809+0530","caller":"jobmanager/JobSummaryManager.go:113","msg":"    Pass test stage percentage:           0.00%"}
{"level":"info","time":"2026-09-26T01:26:06.809+0530","caller":"jobmanager/JobSummaryManager.go:113","msg":"    Failed test stage percentage:         0.00%"}
{"level":"info","time":"2026-09-26T01:26:06.810+0530","caller":"jobmanager/JobSummaryManager.go:113","msg":"    Pass post stage percentage:           0.00%"}
{"level":"info","time":"2026-09-26T01:26:06.810+0530","caller":"jobmanager/JobSummaryManager.go:113","msg":"    Failed post stage percentage:         0.00%"}
{"level":"info","time":"2026-09-26T01:26:06.810+0530","caller":"jobmanager/JobSummaryManager.go:113","msg":"    Failed Tasks:                         2"}
{"level":"info","time":"2026-09-26T01:26:06.810+0530","caller":"jobmanager/JobSummaryManager.go:58","msg":""}
{"level":"debug","time":"2026-09-26T01:26:06.811+0530","caller":"core/lifecycle.go:821","msg":"Context canceled"}
{"level":"info","time":"2026-09-26T01:26:06.811+0530","caller":"core/lifecycle.go:824","msg":"Stopping pipeline gracefully"}
{"level":"error","time":"2026-09-26T01:26:06.812+0530","caller":"core/lifecycle.go:827","msg":"2026-09-26T01:25:33+05:30    error    Exiting with error: Failed tasks found."}
{"level":"info","time":"2026-09-26T01:26:06.811+0530","caller":"events/manager.go:338","msg":"context done and stopping SSE"}
{"level":"debug","time":"2026-09-26T01:26:06.813+0530","caller":"events/manager.go:256","msg":"Stopping event manager"}
{"level":"info","time":"2026-09-26T01:26:06.812+0530","caller":"jobmanager/manager.go:136","msg":"Job Link: https://hyperexecute.lambdatest.com/hyperexecute/task?jobId=d5fe3b6d-60f9-4c7d-a781-afbf65adcaea\n"}
{"level":"debug","time":"2026-09-26T01:26:06.813+0530","caller":"core/lifecycle.go:76","msg":"Quit requested from main goroutine...."}
{"level":"debug","time":"2026-09-26T01:26:06.813+0530","caller":"core/lifecycle.go:77","msg":"Waiting for the goroutines to exit"}
{"level":"debug","time":"2026-09-26T01:26:06.813+0530","caller":"core/lifecycle.go:80","msg":"All lifecycle goroutines exited"}
{"level":"debug","time":"2026-09-26T01:26:06.813+0530","caller":"cmd/bin.go:348","msg":"main: all goroutines have finished."}
{"level":"debug","time":"2026-09-26T01:26:06.813+0530","caller":"cmd/bin.go:387","msg":"Exiting application due to error Failed tasks found."}
{"level":"debug","time":"2026-09-26T01:32:42.159+0530","caller":"cmd/bin.go:138","msg":"cli os: windows, cli arch: amd64"}
{"level":"debug","time":"2026-09-26T01:32:42.160+0530","caller":"cmd/bin.go:139","msg":"Current binary version: 0.2.357, Environment: prod"}
{"level":"debug","time":"2026-09-26T01:32:43.080+0530","caller":"cmd/bin.go:148","msg":"Upstream version details: {Name:cli Min:0.2.265 Max:0.2.357} "}
{"level":"info","time":"2026-09-26T01:32:43.080+0530","caller":"cmd/bin.go:196","msg":"Generating TraceID for tracking request: 01M3D2KCVB1F048YG23ZTFZ57A \n"}
{"level":"debug","time":"2026-09-26T01:32:47.586+0530","caller":"core/lifecycle.go:124","msg":"Setting environment"}
{"level":"debug","time":"2026-09-26T01:32:47.587+0530","caller":"core/lifecycle.go:127","msg":"Parsing config"}
{"level":"debug","time":"2026-09-26T01:32:47.587+0530","caller":"yamlconfigmanager/setup.go:746","msg":"Custom location for .hyperexecute.yaml specified. Using: hyperexecute.yaml"}
{"level":"debug","time":"2026-09-26T01:32:47.588+0530","caller":"yamlconfigmanager/setup.go:120","msg":"using hyperexecute config from : hyperexecute.yaml"}
{"level":"debug","time":"2026-09-26T01:32:47.588+0530","caller":"yamlconfigmanager/setup.go:2013","msg":"Environment variable not set against the variable - matrix.os mentioned in yaml"}
{"level":"debug","time":"2026-09-26T01:32:49.429+0530","caller":"yamlconfigmanager/setup.go:2250","msg":"Autodetecting test type in files of path : C:\\Users\\ROHIN\\Downloads\\playwright"}
{"level":"debug","time":"2026-09-26T01:32:49.429+0530","caller":"yamlconfigmanager/setup.go:2292","msg":"File in which test type is detected - C:\\Users\\ROHIN\\Downloads\\playwright/package.json"}
{"level":"debug","time":"2026-09-26T01:32:49.429+0530","caller":"yamlconfigmanager/setup.go:2293","msg":"Pre command in which test type is detected - node --version - npm --version - npm install - npx playwright install"}
{"level":"debug","time":"2026-09-26T01:32:49.429+0530","caller":"yamlconfigmanager/setup.go:526","msg":"Automatic test type detected - playwright"}
{"level":"error","time":"2026-09-26T01:32:50.350+0530","caller":"core/lifecycle.go:132","msg":"2026-09-26T01:32:41+05:30    error    \u001b[91mERR::YML::VAL\u001b[0m     Invalid yaml content: Hybrid mode cannot have static discovery, Please explicitly set testDiscovery mode as dynamic or remote!!"}
{"level":"debug","time":"2026-09-26T01:32:50.350+0530","caller":"core/lifecycle.go:76","msg":"Quit requested from main goroutine...."}
{"level":"debug","time":"2026-09-26T01:32:50.350+0530","caller":"core/lifecycle.go:77","msg":"Waiting for the goroutines to exit"}
{"level":"debug","time":"2026-09-26T01:32:50.350+0530","caller":"core/lifecycle.go:80","msg":"All lifecycle goroutines exited"}
{"level":"debug","time":"2026-09-26T01:32:50.350+0530","caller":"cmd/bin.go:348","msg":"main: all goroutines have finished."}
{"level":"debug","time":"2026-09-26T01:32:50.350+0530","caller":"cmd/bin.go:387","msg":"Exiting application due to error \u001b[91mERR::YML::VAL\u001b[0m     Invalid yaml content: Hybrid mode cannot have static discovery, Please explicitly set testDiscovery mode as dynamic or remote!!"}
{"level":"debug","time":"2026-09-26T01:33:28.549+0530","caller":"cmd/bin.go:138","msg":"cli os: windows, cli arch: amd64"}
{"level":"debug","time":"2026-09-26T01:33:28.550+0530","caller":"cmd/bin.go:139","msg":"Current binary version: 0.2.357, Environment: prod"}
{"level":"debug","time":"2026-09-26T01:33:29.469+0530","caller":"cmd/bin.go:148","msg":"Upstream version details: {Name:cli Min:0.2.265 Max:0.2.357} "}
{"level":"info","time":"2026-09-26T01:33:29.469+0530","caller":"cmd/bin.go:196","msg":"Generating TraceID for tracking request: 01M3D2MTAQ59535MEHAVG7SDH3 \n"}
{"level":"debug","time":"2026-09-26T01:33:32.712+0530","caller":"core/lifecycle.go:124","msg":"Setting environment"}
{"level":"debug","time":"2026-09-26T01:33:32.714+0530","caller":"core/lifecycle.go:127","msg":"Parsing config"}
{"level":"debug","time":"2026-09-26T01:33:32.714+0530","caller":"yamlconfigmanager/setup.go:746","msg":"Custom location for .hyperexecute.yaml specified. Using: hyperexecute.yaml"}
{"level":"debug","time":"2026-09-26T01:33:32.714+0530","caller":"yamlconfigmanager/setup.go:120","msg":"using hyperexecute config from : hyperexecute.yaml"}
{"level":"debug","time":"2026-09-26T01:33:32.715+0530","caller":"yamlconfigmanager/setup.go:2013","msg":"Environment variable not set against the variable - matrix.os mentioned in yaml"}
{"level":"debug","time":"2026-09-26T01:33:34.590+0530","caller":"yamlconfigmanager/setup.go:2250","msg":"Autodetecting test type in files of path : C:\\Users\\ROHIN\\Downloads\\playwright"}
{"level":"debug","time":"2026-09-26T01:33:34.591+0530","caller":"yamlconfigmanager/setup.go:2292","msg":"File in which test type is detected - C:\\Users\\ROHIN\\Downloads\\playwright/package.json"}
{"level":"debug","time":"2026-09-26T01:33:34.591+0530","caller":"yamlconfigmanager/setup.go:2293","msg":"Pre command in which test type is detected - node --version - npm --version - npm install - npx playwright install"}
{"level":"debug","time":"2026-09-26T01:33:34.591+0530","caller":"yamlconfigmanager/setup.go:526","msg":"Automatic test type detected - playwright"}
{"level":"debug","time":"2026-09-26T01:33:35.510+0530","caller":"yamlconfigmanager/setup.go:1675","msg":"dynamic discovery redirect: flag off, keeping mode=dynamic"}
{"level":"debug","time":"2026-09-26T01:33:35.510+0530","caller":"yamlconfigmanager/setup.go:570","msg":"Tunnel: false"}
{"level":"info","time":"2026-09-26T01:33:35.510+0530","caller":"models/HypertestYamlConfig.go:993","msg":"\n\u001b[4m\u001b[1m\u001b[97mExecution Plan\u001b[0m\u001b[22m\u001b[24m"}
{"level":"info","time":"2026-09-26T01:33:35.511+0530","caller":"models/HypertestYamlConfig.go:792","msg":"Mode:    \u001b[36mhybrid\u001b[0m"}
{"level":"info","time":"2026-09-26T01:33:35.511+0530","caller":"models/HypertestYamlConfig.go:846","msg":"Parallelism:    \u001b[36m Linux - 1  Default - 1\u001b[0m"}
{"level":"info","time":"2026-09-26T01:33:35.511+0530","caller":"models/HypertestYamlConfig.go:854","msg":"Runson:    \u001b[36m${matrix.os}\u001b[0m"}
{"level":"info","time":"2026-09-26T01:33:35.511+0530","caller":"models/HypertestYamlConfig.go:862","msg":"Concurrency:    \u001b[36m2\u001b[0m"}
{"level":"info","time":"2026-09-26T01:33:35.511+0530","caller":"models/HypertestYamlConfig.go:926","msg":"Report:    \u001b[36menabled\u001b[0m"}
{"level":"info","time":"2026-09-26T01:33:35.511+0530","caller":"models/HypertestYamlConfig.go:940","msg":"Artefacts:"}
{"level":"info","time":"2026-09-26T01:33:35.511+0530","caller":"models/HypertestYamlConfig.go:943","msg":"    FinalReport:    \u001b[36mplaywright-report/**\u001b[0m"}
{"level":"info","time":"2026-09-26T01:33:35.511+0530","caller":"models/HypertestYamlConfig.go:958","msg":"Cache Directories:"}
{"level":"info","time":"2026-09-26T01:33:35.511+0530","caller":"models/HypertestYamlConfig.go:960","msg":"    \u001b[36mnode_modules\u001b[0m"}
{"level":"info","time":"2026-09-26T01:33:35.511+0530","caller":"models/HypertestYamlConfig.go:1006","msg":""}
{"level":"debug","time":"2026-09-26T01:33:35.511+0530","caller":"filevalidator/setup.go:50","msg":"Warning: Checking data.json file in current directory, no dataJsonPath found in .hyperexecute.yaml"}
{"level":"debug","time":"2026-09-26T01:33:35.511+0530","caller":"filevalidator/setup.go:54","msg":"Warning: data.json file doesn't exist"}
{"level":"info","time":"2026-09-26T01:33:39.504+0530","caller":"core/lifecycle.go:318","msg":"\u001b[102m\u001b[1m\u001b[30mYou've consumed 4.33 % of your limit. Free trial mins left - 287.00\u001b[0m\u001b[22m\u001b[0m"}
{"level":"debug","time":"2026-09-26T01:33:39.505+0530","caller":"core/lifecycle.go:397","msg":"Job ID: 41370a9b-70b4-4f37-9105-1c677d89390f"}
{"level":"debug","time":"2026-09-26T01:33:39.505+0530","caller":"core/lifecycle.go:400","msg":"User - SwathyE, triggered job with ID 41370a9b-70b4-4f37-9105-1c677d89390f from CLI"}
{"level":"debug","time":"2026-09-26T01:33:39.505+0530","caller":"core/lifecycle.go:403","msg":"User has provided playwright as test type for the job with ID 41370a9b-70b4-4f37-9105-1c677d89390f"}
{"level":"debug","time":"2026-09-26T01:33:39.505+0530","caller":"events/manager.go:97","msg":"Starting event manager"}
{"level":"debug","time":"2026-09-26T01:33:39.505+0530","caller":"events/manager.go:99","msg":"SSE enabled, getting SSE connection"}
{"level":"debug","time":"2026-09-26T01:33:39.507+0530","caller":"archivemanager/setup.go:341","msg":"digestMap: map[]"}
{"level":"debug","time":"2026-09-26T01:33:39.507+0530","caller":"archivemanager/setup.go:347","msg":"Creating archive of target directory: C:\\Users\\ROHIN\\Downloads\\playwright"}
{"level":"debug","time":"2026-09-26T01:33:39.527+0530","caller":"core/lifecycle.go:554","msg":"Zip file size: 7.76 kB"}
{"level":"debug","time":"2026-09-26T01:33:39.528+0530","caller":"core/lifecycle.go:564","msg":"Archive location: C:\\Users\\ROHIN\\Downloads\\playwright\\hyperexecute-code-41370a9b-70b4-4f37-9105-1c677d89390f.zip\n"}
{"level":"debug","time":"2026-09-26T01:33:39.530+0530","caller":"receptionmanager/setup.go:441","msg":"number of entries in runtimes: 0, switching to new yaml format"}
{"level":"debug","time":"2026-09-26T01:33:39.530+0530","caller":"receptionmanager/setup.go:470","msg":"number of entries in partialreports: 0, switching to new yaml format"}
{"level":"debug","time":"2026-09-26T01:33:39.530+0530","caller":"receptionmanager/setup.go:221","msg":"policy enforce: feature flag off, skipping enforcement"}
{"level":"debug","time":"2026-09-26T01:33:39.532+0530","caller":"receptionmanager/setup.go:355","msg":"Uploading yaml : C:\\Users\\ROHIN\\Downloads\\playwright\\.updatedhyperexecute.yaml"}
{"level":"debug","time":"2026-09-26T01:33:39.532+0530","caller":"storage/azure.go:59","msg":"Payload size: 4.11 kB, source path C:\\Users\\ROHIN\\Downloads\\playwright\\.updatedhyperexecute.yaml"}
{"level":"debug","time":"2026-09-26T01:33:41.166+0530","caller":"events/manager.go:288","msg":"connection to hyperexecute server established successfully."}
{"level":"debug","time":"2026-09-26T01:33:42.871+0530","caller":"storage/azure.go:83","msg":"Azcopy output: \n\r100.0 %, 1 Done, 0 Failed, 0 Pending, 0 Skipped, 1 Total, 2-sec Throughput (Mb/s): 0.0164\nTotal time taken to upload(min) :0.0333\n, stderr: "}
{"level":"info","time":"2026-09-26T01:33:42.871+0530","caller":"storage/azure.go:122","msg":"File: C:\\Users\\ROHIN\\Downloads\\playwright\\.updatedhyperexecute.yaml upload completed in 3.3392395s"}
{"level":"debug","time":"2026-09-26T01:33:42.871+0530","caller":"storage/azure.go:59","msg":"Payload size: 7.76 kB, source path C:\\Users\\ROHIN\\Downloads\\playwright\\hyperexecute-code-41370a9b-70b4-4f37-9105-1c677d89390f.zip"}
{"level":"debug","time":"2026-09-26T01:33:46.014+0530","caller":"storage/azure.go:83","msg":"Azcopy output: \n\r100.0 %, 1 Done, 0 Failed, 0 Pending, 0 Skipped, 1 Total, 2-sec Throughput (Mb/s): 0.031\nTotal time taken to upload(min) :0.0333\n, stderr: "}
{"level":"info","time":"2026-09-26T01:33:46.014+0530","caller":"storage/azure.go:122","msg":"File: C:\\Users\\ROHIN\\Downloads\\playwright\\hyperexecute-code-41370a9b-70b4-4f37-9105-1c677d89390f.zip upload completed in 3.1423685s"}
{"level":"debug","time":"2026-09-26T01:33:46.015+0530","caller":"core/lifecycle.go:605","msg":"Successfully deleted code archive: C:\\Users\\ROHIN\\Downloads\\playwright\\hyperexecute-code-41370a9b-70b4-4f37-9105-1c677d89390f.zip\n"}
{"level":"debug","time":"2026-09-26T01:33:46.017+0530","caller":"storage/azure.go:59","msg":"Payload size: 591 B, source path mask-41370a9b-70b4-4f37-9105-1c677d89390f.yaml"}
{"level":"debug","time":"2026-09-26T01:33:49.148+0530","caller":"storage/azure.go:83","msg":"Azcopy output: \n\r100.0 %, 1 Done, 0 Failed, 0 Pending, 0 Skipped, 1 Total, 2-sec Throughput (Mb/s): 0.0024\nTotal time taken to upload(min) :0.0333\n, stderr: "}
{"level":"info","time":"2026-09-26T01:33:49.148+0530","caller":"storage/azure.go:122","msg":"File: mask-41370a9b-70b4-4f37-9105-1c677d89390f.yaml upload completed in 3.1312506s"}
{"level":"debug","time":"2026-09-26T01:33:49.150+0530","caller":"httpclient/client.go:45","msg":"[DEBUG] POST https://api-hyperexecute.lambdatest.com/dispatcher/api/dispatcher"}
{"level":"info","time":"2026-09-26T01:33:50.664+0530","caller":"dispatchermanager/setup.go:94","msg":"Dispatch attempt to https://api-hyperexecute.lambdatest.com/dispatcher returned status 200"}
{"level":"debug","time":"2026-09-26T01:33:51.690+0530","caller":"jobmanager/sse_setup.go:192","msg":"Task id: HYPL-2752721-1790366629472519263JIP"}
{"level":"debug","time":"2026-09-26T01:33:51.690+0530","caller":"jobmanager/sse_setup.go:193","msg":"Sending new task alert to stage manager for taskId: HYPL-2752721-1790366629472519263JIP"}
{"level":"debug","time":"2026-09-26T01:33:51.690+0530","caller":"jobmanager/sse_setup.go:192","msg":"Task id: HYPW-2752721-1790366629478492223ZPT"}
{"level":"debug","time":"2026-09-26T01:33:51.690+0530","caller":"jobmanager/sse_setup.go:193","msg":"Sending new task alert to stage manager for taskId: HYPW-2752721-1790366629478492223ZPT"}
{"level":"info","time":"2026-09-26T01:33:54.045+0530","caller":"terminal/terminal.go:187","msg":"✔ [1]  cache-download (1s)\n"}
{"level":"info","time":"2026-09-26T01:33:54.235+0530","caller":"jobmanager/sse_setup.go:84","msg":"\nJob 41370a9b-70b4-4f37-9105-1c677d89390f has started RUNNING"}
{"level":"info","time":"2026-09-26T01:33:54.252+0530","caller":"jobmanager/manager.go:136","msg":"Job Link: https://hyperexecute.lambdatest.com/hyperexecute/task?jobId=41370a9b-70b4-4f37-9105-1c677d89390f\n"}
{"level":"info","time":"2026-09-26T01:33:54.763+0530","caller":"terminal/terminal.go:187","msg":"✔ [1]  pre (2s)\n"}
{"level":"info","time":"2026-09-26T01:33:55.032+0530","caller":"terminal/terminal.go:187","msg":"x [1]  discovery (1s)\n"}
{"level":"debug","time":"2026-09-26T01:34:26.092+0530","caller":"events/manager.go:356","msg":"No new messages received from SSE for jobID: 41370a9b-70b4-4f37-9105-1c677d89390f. Fetching from APIs"}
{"level":"debug","time":"2026-09-26T01:34:57.667+0530","caller":"events/manager.go:356","msg":"No new messages received from SSE for jobID: 41370a9b-70b4-4f37-9105-1c677d89390f. Fetching from APIs"}
{"level":"error","time":"2026-09-26T01:35:24.632+0530","caller":"jobmanager/sse_setup.go:104","msg":"2026-09-26T01:33:27+05:30    error    ERR::JOB::STS     Job aborted!"}
{"level":"debug","time":"2026-09-26T01:35:24.633+0530","caller":"jobmanager/sse_setup.go:134","msg":"\n\nJob status"}
{"level":"info","time":"2026-09-26T01:35:25.292+0530","caller":"jobmanager/JobSummaryManager.go:54","msg":"\n ABORTED \n"}
{"level":"info","time":"2026-09-26T01:35:25.293+0530","caller":"jobmanager/JobSummaryManager.go:113","msg":"    Test Execution Time:                  0s"}
{"level":"info","time":"2026-09-26T01:35:25.293+0530","caller":"jobmanager/JobSummaryManager.go:113","msg":"    Job Duration Time:                    1m43s"}
{"level":"info","time":"2026-09-26T01:35:25.293+0530","caller":"jobmanager/JobSummaryManager.go:113","msg":"    Total Tasks:                          2"}
{"level":"info","time":"2026-09-26T01:35:25.293+0530","caller":"jobmanager/JobSummaryManager.go:113","msg":"    Cumulative Time Consumed:             2s"}
{"level":"info","time":"2026-09-26T01:35:25.293+0530","caller":"jobmanager/JobSummaryManager.go:113","msg":"    Total Stages:                         2"}
{"level":"info","time":"2026-09-26T01:35:25.293+0530","caller":"jobmanager/JobSummaryManager.go:113","msg":"    Pass discovery stage percentage:      0.00%"}
{"level":"info","time":"2026-09-26T01:35:25.293+0530","caller":"jobmanager/JobSummaryManager.go:113","msg":"    Failed discovery stage percentage:    100.00%"}
{"level":"info","time":"2026-09-26T01:35:25.293+0530","caller":"jobmanager/JobSummaryManager.go:113","msg":"    Pass pre stage percentage:            100.00%"}
{"level":"info","time":"2026-09-26T01:35:25.293+0530","caller":"jobmanager/JobSummaryManager.go:113","msg":"    Failed pre stage percentage:          0.00%"}
{"level":"info","time":"2026-09-26T01:35:25.293+0530","caller":"jobmanager/JobSummaryManager.go:113","msg":"    Pass test stage percentage:           0.00%"}
{"level":"info","time":"2026-09-26T01:35:25.293+0530","caller":"jobmanager/JobSummaryManager.go:113","msg":"    Failed test stage percentage:         0.00%"}
{"level":"info","time":"2026-09-26T01:35:25.293+0530","caller":"jobmanager/JobSummaryManager.go:113","msg":"    Pass post stage percentage:           0.00%"}
{"level":"info","time":"2026-09-26T01:35:25.294+0530","caller":"jobmanager/JobSummaryManager.go:113","msg":"    Failed post stage percentage:         0.00%"}
{"level":"info","time":"2026-09-26T01:35:25.294+0530","caller":"jobmanager/JobSummaryManager.go:113","msg":"    Failed Tasks:                         0"}
{"level":"info","time":"2026-09-26T01:35:25.294+0530","caller":"jobmanager/JobSummaryManager.go:58","msg":""}
{"level":"debug","time":"2026-09-26T01:35:25.295+0530","caller":"core/lifecycle.go:821","msg":"Context canceled"}
{"level":"info","time":"2026-09-26T01:35:25.295+0530","caller":"events/manager.go:338","msg":"context done and stopping SSE"}
{"level":"debug","time":"2026-09-26T01:35:25.295+0530","caller":"events/manager.go:256","msg":"Stopping event manager"}
{"level":"info","time":"2026-09-26T01:35:25.295+0530","caller":"core/lifecycle.go:824","msg":"Stopping pipeline gracefully"}
{"level":"error","time":"2026-09-26T01:35:25.296+0530","caller":"core/lifecycle.go:827","msg":"2026-09-26T01:33:27+05:30    error    Exiting with error: Job aborted."}
{"level":"info","time":"2026-09-26T01:35:25.296+0530","caller":"jobmanager/manager.go:136","msg":"Job Link: https://hyperexecute.lambdatest.com/hyperexecute/task?jobId=41370a9b-70b4-4f37-9105-1c677d89390f\n"}
{"level":"debug","time":"2026-09-26T01:35:25.296+0530","caller":"core/lifecycle.go:76","msg":"Quit requested from main goroutine...."}
{"level":"debug","time":"2026-09-26T01:35:25.296+0530","caller":"core/lifecycle.go:77","msg":"Waiting for the goroutines to exit"}
{"level":"debug","time":"2026-09-26T01:35:25.296+0530","caller":"core/lifecycle.go:80","msg":"All lifecycle goroutines exited"}
{"level":"debug","time":"2026-09-26T01:35:25.296+0530","caller":"cmd/bin.go:348","msg":"main: all goroutines have finished."}
{"level":"debug","time":"2026-09-26T01:35:25.296+0530","caller":"cmd/bin.go:387","msg":"Exiting application due to error Job aborted."}
{"level":"debug","time":"2026-09-26T01:35:33.889+0530","caller":"cmd/bin.go:138","msg":"cli os: windows, cli arch: amd64"}
{"level":"debug","time":"2026-09-26T01:35:33.889+0530","caller":"cmd/bin.go:139","msg":"Current binary version: 0.2.357, Environment: prod"}
{"level":"debug","time":"2026-09-26T01:35:34.811+0530","caller":"cmd/bin.go:148","msg":"Upstream version details: {Name:cli Min:0.2.265 Max:0.2.357} "}
{"level":"info","time":"2026-09-26T01:35:34.812+0530","caller":"cmd/bin.go:196","msg":"Generating TraceID for tracking request: 01M3D2RMPPN2N9CW0NTE9YNJW2 \n"}
{"level":"debug","time":"2026-09-26T01:35:39.111+0530","caller":"core/lifecycle.go:124","msg":"Setting environment"}
{"level":"debug","time":"2026-09-26T01:35:39.112+0530","caller":"core/lifecycle.go:127","msg":"Parsing config"}
{"level":"debug","time":"2026-09-26T01:35:39.112+0530","caller":"yamlconfigmanager/setup.go:746","msg":"Custom location for .hyperexecute.yaml specified. Using: hyperexecute.yaml"}
{"level":"debug","time":"2026-09-26T01:35:39.112+0530","caller":"yamlconfigmanager/setup.go:120","msg":"using hyperexecute config from : hyperexecute.yaml"}
{"level":"debug","time":"2026-09-26T01:35:39.113+0530","caller":"yamlconfigmanager/setup.go:2013","msg":"Environment variable not set against the variable - matrix.os mentioned in yaml"}
{"level":"debug","time":"2026-09-26T01:35:40.646+0530","caller":"yamlconfigmanager/setup.go:2250","msg":"Autodetecting test type in files of path : C:\\Users\\ROHIN\\Downloads\\playwright"}
{"level":"debug","time":"2026-09-26T01:35:40.646+0530","caller":"yamlconfigmanager/setup.go:2292","msg":"File in which test type is detected - C:\\Users\\ROHIN\\Downloads\\playwright/package.json"}
{"level":"debug","time":"2026-09-26T01:35:40.646+0530","caller":"yamlconfigmanager/setup.go:2293","msg":"Pre command in which test type is detected - node --version - npm --version - npm install - npx playwright install"}
{"level":"debug","time":"2026-09-26T01:35:40.646+0530","caller":"yamlconfigmanager/setup.go:526","msg":"Automatic test type detected - playwright"}
{"level":"debug","time":"2026-09-26T01:35:41.309+0530","caller":"yamlconfigmanager/setup.go:1675","msg":"dynamic discovery redirect: flag off, keeping mode=dynamic"}
{"level":"debug","time":"2026-09-26T01:35:41.309+0530","caller":"yamlconfigmanager/setup.go:570","msg":"Tunnel: false"}
{"level":"info","time":"2026-09-26T01:35:41.310+0530","caller":"models/HypertestYamlConfig.go:993","msg":"\n\u001b[4m\u001b[1m\u001b[97mExecution Plan\u001b[0m\u001b[22m\u001b[24m"}
{"level":"info","time":"2026-09-26T01:35:41.310+0530","caller":"models/HypertestYamlConfig.go:792","msg":"Mode:    \u001b[36mhybrid\u001b[0m"}
{"level":"info","time":"2026-09-26T01:35:41.310+0530","caller":"models/HypertestYamlConfig.go:846","msg":"Parallelism:    \u001b[36m Linux - 1  Default - 1\u001b[0m"}
{"level":"info","time":"2026-09-26T01:35:41.310+0530","caller":"models/HypertestYamlConfig.go:854","msg":"Runson:    \u001b[36m${matrix.os}\u001b[0m"}
{"level":"info","time":"2026-09-26T01:35:41.310+0530","caller":"models/HypertestYamlConfig.go:862","msg":"Concurrency:    \u001b[36m2\u001b[0m"}
{"level":"info","time":"2026-09-26T01:35:41.310+0530","caller":"models/HypertestYamlConfig.go:926","msg":"Report:    \u001b[36menabled\u001b[0m"}
{"level":"info","time":"2026-09-26T01:35:41.311+0530","caller":"models/HypertestYamlConfig.go:940","msg":"Artefacts:"}
{"level":"info","time":"2026-09-26T01:35:41.311+0530","caller":"models/HypertestYamlConfig.go:943","msg":"    FinalReport:    \u001b[36mplaywright-report/**\u001b[0m"}
{"level":"info","time":"2026-09-26T01:35:41.311+0530","caller":"models/HypertestYamlConfig.go:958","msg":"Cache Directories:"}
{"level":"info","time":"2026-09-26T01:35:41.311+0530","caller":"models/HypertestYamlConfig.go:960","msg":"    \u001b[36mnode_modules\u001b[0m"}
{"level":"info","time":"2026-09-26T01:35:41.311+0530","caller":"models/HypertestYamlConfig.go:1006","msg":""}
{"level":"debug","time":"2026-09-26T01:35:41.311+0530","caller":"filevalidator/setup.go:50","msg":"Warning: Checking data.json file in current directory, no dataJsonPath found in .hyperexecute.yaml"}
{"level":"debug","time":"2026-09-26T01:35:41.311+0530","caller":"filevalidator/setup.go:54","msg":"Warning: data.json file doesn't exist"}
{"level":"info","time":"2026-09-26T01:35:44.845+0530","caller":"core/lifecycle.go:318","msg":"\u001b[102m\u001b[1m\u001b[30mYou've consumed 4.33 % of your limit. Free trial mins left - 287.00\u001b[0m\u001b[22m\u001b[0m"}
{"level":"debug","time":"2026-09-26T01:35:44.846+0530","caller":"core/lifecycle.go:397","msg":"Job ID: 0679569d-8288-4dff-ace2-f3e99a73f189"}
{"level":"debug","time":"2026-09-26T01:35:44.846+0530","caller":"core/lifecycle.go:400","msg":"User - SwathyE, triggered job with ID 0679569d-8288-4dff-ace2-f3e99a73f189 from CLI"}
{"level":"debug","time":"2026-09-26T01:35:44.846+0530","caller":"core/lifecycle.go:403","msg":"User has provided playwright as test type for the job with ID 0679569d-8288-4dff-ace2-f3e99a73f189"}
{"level":"debug","time":"2026-09-26T01:35:44.846+0530","caller":"events/manager.go:97","msg":"Starting event manager"}
{"level":"debug","time":"2026-09-26T01:35:44.846+0530","caller":"events/manager.go:99","msg":"SSE enabled, getting SSE connection"}
{"level":"debug","time":"2026-09-26T01:35:44.848+0530","caller":"archivemanager/setup.go:341","msg":"digestMap: map[]"}
{"level":"debug","time":"2026-09-26T01:35:44.848+0530","caller":"archivemanager/setup.go:347","msg":"Creating archive of target directory: C:\\Users\\ROHIN\\Downloads\\playwright"}
{"level":"debug","time":"2026-09-26T01:35:44.856+0530","caller":"core/lifecycle.go:554","msg":"Zip file size: 7.74 kB"}
{"level":"debug","time":"2026-09-26T01:35:44.856+0530","caller":"core/lifecycle.go:564","msg":"Archive location: C:\\Users\\ROHIN\\Downloads\\playwright\\hyperexecute-code-0679569d-8288-4dff-ace2-f3e99a73f189.zip\n"}
{"level":"debug","time":"2026-09-26T01:35:44.857+0530","caller":"receptionmanager/setup.go:441","msg":"number of entries in runtimes: 0, switching to new yaml format"}
{"level":"debug","time":"2026-09-26T01:35:44.857+0530","caller":"receptionmanager/setup.go:470","msg":"number of entries in partialreports: 0, switching to new yaml format"}
{"level":"debug","time":"2026-09-26T01:35:44.857+0530","caller":"receptionmanager/setup.go:221","msg":"policy enforce: feature flag off, skipping enforcement"}
{"level":"debug","time":"2026-09-26T01:35:44.857+0530","caller":"receptionmanager/setup.go:355","msg":"Uploading yaml : C:\\Users\\ROHIN\\Downloads\\playwright\\.updatedhyperexecute.yaml"}
{"level":"debug","time":"2026-09-26T01:35:44.858+0530","caller":"storage/azure.go:59","msg":"Payload size: 4.05 kB, source path C:\\Users\\ROHIN\\Downloads\\playwright\\.updatedhyperexecute.yaml"}
{"level":"debug","time":"2026-09-26T01:35:46.178+0530","caller":"events/manager.go:288","msg":"connection to hyperexecute server established successfully."}
{"level":"debug","time":"2026-09-26T01:35:48.320+0530","caller":"storage/azure.go:83","msg":"Azcopy output: \n\r100.0 %, 1 Done, 0 Failed, 0 Pending, 0 Skipped, 1 Total, 2-sec Throughput (Mb/s): 0.0162\nTotal time taken to upload(min) :0.0334\n, stderr: "}
{"level":"info","time":"2026-09-26T01:35:48.320+0530","caller":"storage/azure.go:122","msg":"File: C:\\Users\\ROHIN\\Downloads\\playwright\\.updatedhyperexecute.yaml upload completed in 3.4630354s"}
{"level":"debug","time":"2026-09-26T01:35:48.321+0530","caller":"storage/azure.go:59","msg":"Payload size: 7.74 kB, source path C:\\Users\\ROHIN\\Downloads\\playwright\\hyperexecute-code-0679569d-8288-4dff-ace2-f3e99a73f189.zip"}
{"level":"debug","time":"2026-09-26T01:35:51.734+0530","caller":"storage/azure.go:83","msg":"Azcopy output: \n\r100.0 %, 1 Done, 0 Failed, 0 Pending, 0 Skipped, 1 Total, 2-sec Throughput (Mb/s): 0.0309\nTotal time taken to upload(min) :0.0334\n, stderr: "}
{"level":"info","time":"2026-09-26T01:35:51.734+0530","caller":"storage/azure.go:122","msg":"File: C:\\Users\\ROHIN\\Downloads\\playwright\\hyperexecute-code-0679569d-8288-4dff-ace2-f3e99a73f189.zip upload completed in 3.4134365s"}
{"level":"debug","time":"2026-09-26T01:35:51.735+0530","caller":"core/lifecycle.go:605","msg":"Successfully deleted code archive: C:\\Users\\ROHIN\\Downloads\\playwright\\hyperexecute-code-0679569d-8288-4dff-ace2-f3e99a73f189.zip\n"}
{"level":"debug","time":"2026-09-26T01:35:51.737+0530","caller":"storage/azure.go:59","msg":"Payload size: 577 B, source path mask-0679569d-8288-4dff-ace2-f3e99a73f189.yaml"}
{"level":"debug","time":"2026-09-26T01:35:55.169+0530","caller":"storage/azure.go:83","msg":"Azcopy output: \n\r100.0 %, 1 Done, 0 Failed, 0 Pending, 0 Skipped, 1 Total, 2-sec Throughput (Mb/s): 0.0023\nTotal time taken to upload(min) :0.0334\n, stderr: "}
{"level":"info","time":"2026-09-26T01:35:55.169+0530","caller":"storage/azure.go:122","msg":"File: mask-0679569d-8288-4dff-ace2-f3e99a73f189.yaml upload completed in 3.4320984s"}
{"level":"debug","time":"2026-09-26T01:35:55.170+0530","caller":"httpclient/client.go:45","msg":"[DEBUG] POST https://api-hyperexecute.lambdatest.com/dispatcher/api/dispatcher"}
{"level":"info","time":"2026-09-26T01:35:56.452+0530","caller":"dispatchermanager/setup.go:94","msg":"Dispatch attempt to https://api-hyperexecute.lambdatest.com/dispatcher returned status 200"}
{"level":"debug","time":"2026-09-26T01:35:57.428+0530","caller":"jobmanager/sse_setup.go:192","msg":"Task id: HYPL-2752721-1790366755327085570FNW"}
{"level":"debug","time":"2026-09-26T01:35:57.428+0530","caller":"jobmanager/sse_setup.go:193","msg":"Sending new task alert to stage manager for taskId: HYPL-2752721-1790366755327085570FNW"}
{"level":"debug","time":"2026-09-26T01:35:57.429+0530","caller":"jobmanager/sse_setup.go:192","msg":"Task id: HYPW-2752721-1790366755331452585DXA"}
{"level":"debug","time":"2026-09-26T01:35:57.429+0530","caller":"jobmanager/sse_setup.go:193","msg":"Sending new task alert to stage manager for taskId: HYPW-2752721-1790366755331452585DXA"}
{"level":"info","time":"2026-09-26T01:35:59.790+0530","caller":"terminal/terminal.go:187","msg":"✔ [1]  cache-download (1s)\n"}
{"level":"info","time":"2026-09-26T01:36:00.257+0530","caller":"jobmanager/sse_setup.go:84","msg":"\nJob 0679569d-8288-4dff-ace2-f3e99a73f189 has started RUNNING"}
{"level":"info","time":"2026-09-26T01:36:00.257+0530","caller":"jobmanager/manager.go:136","msg":"Job Link: https://hyperexecute.lambdatest.com/hyperexecute/task?jobId=0679569d-8288-4dff-ace2-f3e99a73f189\n"}
{"level":"info","time":"2026-09-26T01:36:00.719+0530","caller":"terminal/terminal.go:187","msg":"✔ [2]  cache-download (1s)\n"}
{"level":"info","time":"2026-09-26T01:36:00.754+0530","caller":"terminal/terminal.go:187","msg":"✔ [1]  pre (2s)\n"}
{"level":"info","time":"2026-09-26T01:36:00.946+0530","caller":"terminal/terminal.go:187","msg":"x [1]  discovery (1s)\n"}
{"level":"info","time":"2026-09-26T01:36:02.057+0530","caller":"terminal/terminal.go:187","msg":"✔ [2]  pre (2s)\n"}
{"level":"info","time":"2026-09-26T01:36:04.248+0530","caller":"terminal/terminal.go:187","msg":"x [2]  discovery (0s)\n"}
{"level":"debug","time":"2026-09-26T01:36:05.060+0530","caller":"jobmanager/sse_setup.go:134","msg":"\n\nJob status"}
{"level":"info","time":"2026-09-26T01:36:05.060+0530","caller":"core/lifecycle.go:708","msg":"taskId:HYPL-2752721-1790366755327085570FNW has failed with remark: exit status 1\n"}
{"level":"info","time":"2026-09-26T01:36:05.060+0530","caller":"core/lifecycle.go:708","msg":"taskId:HYPW-2752721-1790366755331452585DXA has failed with remark: exit status 1\n"}
{"level":"info","time":"2026-09-26T01:36:05.724+0530","caller":"jobmanager/JobSummaryManager.go:54","msg":"\n FAILED \n"}
{"level":"info","time":"2026-09-26T01:36:05.724+0530","caller":"jobmanager/JobSummaryManager.go:113","msg":"    Test Execution Time:                  0s"}
{"level":"info","time":"2026-09-26T01:36:05.724+0530","caller":"jobmanager/JobSummaryManager.go:113","msg":"    Job Duration Time:                    4s"}
{"level":"info","time":"2026-09-26T01:36:05.725+0530","caller":"jobmanager/JobSummaryManager.go:113","msg":"    Total Tasks:                          2"}
{"level":"info","time":"2026-09-26T01:36:05.725+0530","caller":"jobmanager/JobSummaryManager.go:113","msg":"    Cumulative Time Consumed:             5s"}
{"level":"info","time":"2026-09-26T01:36:05.725+0530","caller":"jobmanager/JobSummaryManager.go:113","msg":"    Total Stages:                         4"}
{"level":"info","time":"2026-09-26T01:36:05.725+0530","caller":"jobmanager/JobSummaryManager.go:113","msg":"    Pass discovery stage percentage:      0.00%"}
{"level":"info","time":"2026-09-26T01:36:05.725+0530","caller":"jobmanager/JobSummaryManager.go:113","msg":"    Failed discovery stage percentage:    100.00%"}
{"level":"info","time":"2026-09-26T01:36:05.725+0530","caller":"jobmanager/JobSummaryManager.go:113","msg":"    Pass pre stage percentage:            100.00%"}
{"level":"info","time":"2026-09-26T01:36:05.725+0530","caller":"jobmanager/JobSummaryManager.go:113","msg":"    Failed pre stage percentage:          0.00%"}
{"level":"info","time":"2026-09-26T01:36:05.725+0530","caller":"jobmanager/JobSummaryManager.go:113","msg":"    Pass test stage percentage:           0.00%"}
{"level":"info","time":"2026-09-26T01:36:05.725+0530","caller":"jobmanager/JobSummaryManager.go:113","msg":"    Failed test stage percentage:         0.00%"}
{"level":"info","time":"2026-09-26T01:36:05.725+0530","caller":"jobmanager/JobSummaryManager.go:113","msg":"    Pass post stage percentage:           0.00%"}
{"level":"info","time":"2026-09-26T01:36:05.725+0530","caller":"jobmanager/JobSummaryManager.go:113","msg":"    Failed post stage percentage:         0.00%"}
{"level":"info","time":"2026-09-26T01:36:05.725+0530","caller":"jobmanager/JobSummaryManager.go:113","msg":"    Failed Tasks:                         2"}
{"level":"info","time":"2026-09-26T01:36:05.725+0530","caller":"jobmanager/JobSummaryManager.go:58","msg":""}
{"level":"debug","time":"2026-09-26T01:36:05.727+0530","caller":"core/lifecycle.go:821","msg":"Context canceled"}
{"level":"info","time":"2026-09-26T01:36:05.727+0530","caller":"events/manager.go:338","msg":"context done and stopping SSE"}
{"level":"debug","time":"2026-09-26T01:36:05.727+0530","caller":"events/manager.go:256","msg":"Stopping event manager"}
{"level":"info","time":"2026-09-26T01:36:05.727+0530","caller":"core/lifecycle.go:824","msg":"Stopping pipeline gracefully"}
{"level":"error","time":"2026-09-26T01:36:05.727+0530","caller":"core/lifecycle.go:827","msg":"2026-09-26T01:35:33+05:30    error    Exiting with error: Failed tasks found."}
{"level":"info","time":"2026-09-26T01:36:05.727+0530","caller":"jobmanager/manager.go:136","msg":"Job Link: https://hyperexecute.lambdatest.com/hyperexecute/task?jobId=0679569d-8288-4dff-ace2-f3e99a73f189\n"}
{"level":"debug","time":"2026-09-26T01:36:05.727+0530","caller":"core/lifecycle.go:76","msg":"Quit requested from main goroutine...."}
{"level":"debug","time":"2026-09-26T01:36:05.727+0530","caller":"core/lifecycle.go:77","msg":"Waiting for the goroutines to exit"}
{"level":"debug","time":"2026-09-26T01:36:05.727+0530","caller":"core/lifecycle.go:80","msg":"All lifecycle goroutines exited"}
{"level":"debug","time":"2026-09-26T01:36:05.727+0530","caller":"cmd/bin.go:348","msg":"main: all goroutines have finished."}
{"level":"debug","time":"2026-09-26T01:36:05.727+0530","caller":"cmd/bin.go:387","msg":"Exiting application due to error Failed tasks found."}
{"level":"debug","time":"2026-09-26T01:37:57.974+0530","caller":"cmd/bin.go:138","msg":"cli os: windows, cli arch: amd64"}
{"level":"debug","time":"2026-09-26T01:37:57.974+0530","caller":"cmd/bin.go:139","msg":"Current binary version: 0.2.357, Environment: prod"}
{"level":"debug","time":"2026-09-26T01:37:58.892+0530","caller":"cmd/bin.go:148","msg":"Upstream version details: {Name:cli Min:0.2.265 Max:0.2.357} "}
{"level":"info","time":"2026-09-26T01:37:58.892+0530","caller":"cmd/bin.go:196","msg":"Generating TraceID for tracking request: 01M3D2X1BRXQZRPF2TAWV715VJ \n"}
{"level":"debug","time":"2026-09-26T01:38:03.114+0530","caller":"core/lifecycle.go:124","msg":"Setting environment"}
{"level":"debug","time":"2026-09-26T01:38:03.115+0530","caller":"core/lifecycle.go:127","msg":"Parsing config"}
{"level":"debug","time":"2026-09-26T01:38:03.115+0530","caller":"yamlconfigmanager/setup.go:746","msg":"Custom location for .hyperexecute.yaml specified. Using: hyperexecute.yaml"}
{"level":"debug","time":"2026-09-26T01:38:03.115+0530","caller":"yamlconfigmanager/setup.go:120","msg":"using hyperexecute config from : hyperexecute.yaml"}
{"level":"debug","time":"2026-09-26T01:38:03.116+0530","caller":"yamlconfigmanager/setup.go:2013","msg":"Environment variable not set against the variable - matrix.os mentioned in yaml"}
{"level":"debug","time":"2026-09-26T01:38:04.546+0530","caller":"yamlconfigmanager/setup.go:2250","msg":"Autodetecting test type in files of path : C:\\Users\\ROHIN\\Downloads\\playwright"}
{"level":"debug","time":"2026-09-26T01:38:04.547+0530","caller":"yamlconfigmanager/setup.go:2292","msg":"File in which test type is detected - C:\\Users\\ROHIN\\Downloads\\playwright/package.json"}
{"level":"debug","time":"2026-09-26T01:38:04.547+0530","caller":"yamlconfigmanager/setup.go:2293","msg":"Pre command in which test type is detected - node --version - npm --version - npm install - npx playwright install"}
{"level":"debug","time":"2026-09-26T01:38:04.547+0530","caller":"yamlconfigmanager/setup.go:526","msg":"Automatic test type detected - playwright"}
{"level":"debug","time":"2026-09-26T01:38:05.218+0530","caller":"yamlconfigmanager/setup.go:1675","msg":"dynamic discovery redirect: flag off, keeping mode=dynamic"}
{"level":"debug","time":"2026-09-26T01:38:05.218+0530","caller":"yamlconfigmanager/setup.go:570","msg":"Tunnel: false"}
{"level":"info","time":"2026-09-26T01:38:05.218+0530","caller":"models/HypertestYamlConfig.go:993","msg":"\n\u001b[4m\u001b[1m\u001b[97mExecution Plan\u001b[0m\u001b[22m\u001b[24m"}
{"level":"info","time":"2026-09-26T01:38:05.218+0530","caller":"models/HypertestYamlConfig.go:792","msg":"Mode:    \u001b[36mhybrid\u001b[0m"}
{"level":"info","time":"2026-09-26T01:38:05.218+0530","caller":"models/HypertestYamlConfig.go:846","msg":"Parallelism:    \u001b[36m Linux - 1  Default - 1\u001b[0m"}
{"level":"info","time":"2026-09-26T01:38:05.218+0530","caller":"models/HypertestYamlConfig.go:854","msg":"Runson:    \u001b[36m${matrix.os}\u001b[0m"}
{"level":"info","time":"2026-09-26T01:38:05.218+0530","caller":"models/HypertestYamlConfig.go:862","msg":"Concurrency:    \u001b[36m2\u001b[0m"}
{"level":"info","time":"2026-09-26T01:38:05.218+0530","caller":"models/HypertestYamlConfig.go:926","msg":"Report:    \u001b[36menabled\u001b[0m"}
{"level":"info","time":"2026-09-26T01:38:05.219+0530","caller":"models/HypertestYamlConfig.go:940","msg":"Artefacts:"}
{"level":"info","time":"2026-09-26T01:38:05.219+0530","caller":"models/HypertestYamlConfig.go:943","msg":"    FinalReport:    \u001b[36mplaywright-report/**\u001b[0m"}
{"level":"info","time":"2026-09-26T01:38:05.219+0530","caller":"models/HypertestYamlConfig.go:958","msg":"Cache Directories:"}
{"level":"info","time":"2026-09-26T01:38:05.219+0530","caller":"models/HypertestYamlConfig.go:960","msg":"    \u001b[36mnode_modules\u001b[0m"}
{"level":"info","time":"2026-09-26T01:38:05.219+0530","caller":"models/HypertestYamlConfig.go:1006","msg":""}
{"level":"debug","time":"2026-09-26T01:38:05.219+0530","caller":"filevalidator/setup.go:50","msg":"Warning: Checking data.json file in current directory, no dataJsonPath found in .hyperexecute.yaml"}
{"level":"debug","time":"2026-09-26T01:38:05.219+0530","caller":"filevalidator/setup.go:54","msg":"Warning: data.json file doesn't exist"}
{"level":"info","time":"2026-09-26T01:38:08.417+0530","caller":"core/lifecycle.go:318","msg":"\u001b[102m\u001b[1m\u001b[30mYou've consumed 4.33 % of your limit. Free trial mins left - 287.00\u001b[0m\u001b[22m\u001b[0m"}
{"level":"debug","time":"2026-09-26T01:38:08.418+0530","caller":"core/lifecycle.go:397","msg":"Job ID: 47ea6b0e-d93c-4c29-aa76-acfec2402d1a"}
{"level":"debug","time":"2026-09-26T01:38:08.418+0530","caller":"core/lifecycle.go:400","msg":"User - SwathyE, triggered job with ID 47ea6b0e-d93c-4c29-aa76-acfec2402d1a from CLI"}
{"level":"debug","time":"2026-09-26T01:38:08.418+0530","caller":"core/lifecycle.go:403","msg":"User has provided playwright as test type for the job with ID 47ea6b0e-d93c-4c29-aa76-acfec2402d1a"}
{"level":"debug","time":"2026-09-26T01:38:08.418+0530","caller":"events/manager.go:97","msg":"Starting event manager"}
{"level":"debug","time":"2026-09-26T01:38:08.418+0530","caller":"events/manager.go:99","msg":"SSE enabled, getting SSE connection"}
{"level":"debug","time":"2026-09-26T01:38:08.419+0530","caller":"archivemanager/setup.go:341","msg":"digestMap: map[]"}
{"level":"debug","time":"2026-09-26T01:38:08.420+0530","caller":"archivemanager/setup.go:347","msg":"Creating archive of target directory: C:\\Users\\ROHIN\\Downloads\\playwright"}
{"level":"debug","time":"2026-09-26T01:38:08.433+0530","caller":"core/lifecycle.go:554","msg":"Zip file size: 7.75 kB"}
{"level":"debug","time":"2026-09-26T01:38:08.434+0530","caller":"core/lifecycle.go:564","msg":"Archive location: C:\\Users\\ROHIN\\Downloads\\playwright\\hyperexecute-code-47ea6b0e-d93c-4c29-aa76-acfec2402d1a.zip\n"}
{"level":"debug","time":"2026-09-26T01:38:08.435+0530","caller":"receptionmanager/setup.go:441","msg":"number of entries in runtimes: 0, switching to new yaml format"}
{"level":"debug","time":"2026-09-26T01:38:08.435+0530","caller":"receptionmanager/setup.go:470","msg":"number of entries in partialreports: 0, switching to new yaml format"}
{"level":"debug","time":"2026-09-26T01:38:08.435+0530","caller":"receptionmanager/setup.go:221","msg":"policy enforce: feature flag off, skipping enforcement"}
{"level":"debug","time":"2026-09-26T01:38:08.436+0530","caller":"receptionmanager/setup.go:355","msg":"Uploading yaml : C:\\Users\\ROHIN\\Downloads\\playwright\\.updatedhyperexecute.yaml"}
{"level":"debug","time":"2026-09-26T01:38:08.437+0530","caller":"storage/azure.go:59","msg":"Payload size: 4.11 kB, source path C:\\Users\\ROHIN\\Downloads\\playwright\\.updatedhyperexecute.yaml"}
{"level":"debug","time":"2026-09-26T01:38:09.748+0530","caller":"events/manager.go:288","msg":"connection to hyperexecute server established successfully."}
{"level":"debug","time":"2026-09-26T01:38:11.939+0530","caller":"storage/azure.go:83","msg":"Azcopy output: \n\r100.0 %, 1 Done, 0 Failed, 0 Pending, 0 Skipped, 1 Total, 2-sec Throughput (Mb/s): 0.0164\nTotal time taken to upload(min) :0.0333\n, stderr: "}
{"level":"info","time":"2026-09-26T01:38:11.939+0530","caller":"storage/azure.go:122","msg":"File: C:\\Users\\ROHIN\\Downloads\\playwright\\.updatedhyperexecute.yaml upload completed in 3.5017031s"}
{"level":"debug","time":"2026-09-26T01:38:11.939+0530","caller":"storage/azure.go:59","msg":"Payload size: 7.75 kB, source path C:\\Users\\ROHIN\\Downloads\\playwright\\hyperexecute-code-47ea6b0e-d93c-4c29-aa76-acfec2402d1a.zip"}
{"level":"debug","time":"2026-09-26T01:38:15.189+0530","caller":"storage/azure.go:83","msg":"Azcopy output: \n\r100.0 %, 1 Done, 0 Failed, 0 Pending, 0 Skipped, 1 Total, 2-sec Throughput (Mb/s): 0.031\nTotal time taken to upload(min) :0.0333\n, stderr: "}
{"level":"info","time":"2026-09-26T01:38:15.189+0530","caller":"storage/azure.go:122","msg":"File: C:\\Users\\ROHIN\\Downloads\\playwright\\hyperexecute-code-47ea6b0e-d93c-4c29-aa76-acfec2402d1a.zip upload completed in 3.2505341s"}
{"level":"debug","time":"2026-09-26T01:38:15.191+0530","caller":"core/lifecycle.go:605","msg":"Successfully deleted code archive: C:\\Users\\ROHIN\\Downloads\\playwright\\hyperexecute-code-47ea6b0e-d93c-4c29-aa76-acfec2402d1a.zip\n"}
{"level":"debug","time":"2026-09-26T01:38:15.193+0530","caller":"storage/azure.go:59","msg":"Payload size: 591 B, source path mask-47ea6b0e-d93c-4c29-aa76-acfec2402d1a.yaml"}
{"level":"debug","time":"2026-09-26T01:38:18.452+0530","caller":"storage/azure.go:83","msg":"Azcopy output: \n\r100.0 %, 1 Done, 0 Failed, 0 Pending, 0 Skipped, 1 Total, 2-sec Throughput (Mb/s): 0.0024\nTotal time taken to upload(min) :0.0333\n, stderr: "}
{"level":"info","time":"2026-09-26T01:38:18.452+0530","caller":"storage/azure.go:122","msg":"File: mask-47ea6b0e-d93c-4c29-aa76-acfec2402d1a.yaml upload completed in 3.2591s"}
{"level":"debug","time":"2026-09-26T01:38:18.453+0530","caller":"httpclient/client.go:45","msg":"[DEBUG] POST https://api-hyperexecute.lambdatest.com/dispatcher/api/dispatcher"}
{"level":"info","time":"2026-09-26T01:38:19.882+0530","caller":"dispatchermanager/setup.go:94","msg":"Dispatch attempt to https://api-hyperexecute.lambdatest.com/dispatcher returned status 200"}
{"level":"debug","time":"2026-09-26T01:38:20.756+0530","caller":"jobmanager/sse_setup.go:192","msg":"Task id: HYPL-2752721-1790366898727197110OBT"}
{"level":"debug","time":"2026-09-26T01:38:20.757+0530","caller":"jobmanager/sse_setup.go:193","msg":"Sending new task alert to stage manager for taskId: HYPL-2752721-1790366898727197110OBT"}
{"level":"debug","time":"2026-09-26T01:38:20.757+0530","caller":"jobmanager/sse_setup.go:192","msg":"Task id: HYPW-2752721-1790366898733054584MFL"}
{"level":"debug","time":"2026-09-26T01:38:20.757+0530","caller":"jobmanager/sse_setup.go:193","msg":"Sending new task alert to stage manager for taskId: HYPW-2752721-1790366898733054584MFL"}
{"level":"info","time":"2026-09-26T01:38:22.938+0530","caller":"terminal/terminal.go:187","msg":"✔ [1]  cache-download (1s)\n"}
{"level":"info","time":"2026-09-26T01:38:23.390+0530","caller":"jobmanager/sse_setup.go:84","msg":"\nJob 47ea6b0e-d93c-4c29-aa76-acfec2402d1a has started RUNNING"}
{"level":"info","time":"2026-09-26T01:38:23.390+0530","caller":"jobmanager/manager.go:136","msg":"Job Link: https://hyperexecute.lambdatest.com/hyperexecute/task?jobId=47ea6b0e-d93c-4c29-aa76-acfec2402d1a\n"}
{"level":"info","time":"2026-09-26T01:38:23.581+0530","caller":"terminal/terminal.go:187","msg":"✔ [1]  pre (1s)\n"}
{"level":"info","time":"2026-09-26T01:38:23.817+0530","caller":"terminal/terminal.go:187","msg":"x [1]  discovery (1s)\n"}
{"level":"info","time":"2026-09-26T01:38:23.940+0530","caller":"terminal/terminal.go:187","msg":"✔ [2]  cache-download (1s)\n"}
{"level":"info","time":"2026-09-26T01:38:25.144+0530","caller":"terminal/terminal.go:187","msg":"✔ [2]  pre (1s)\n"}
{"level":"info","time":"2026-09-26T01:38:25.458+0530","caller":"terminal/terminal.go:187","msg":"x [2]  discovery (1s)\n"}
{"level":"debug","time":"2026-09-26T01:38:27.566+0530","caller":"jobmanager/sse_setup.go:134","msg":"\n\nJob status"}
{"level":"info","time":"2026-09-26T01:38:27.566+0530","caller":"core/lifecycle.go:708","msg":"taskId:HYPL-2752721-1790366898727197110OBT has failed with remark: exit status 1\n"}
{"level":"info","time":"2026-09-26T01:38:27.566+0530","caller":"core/lifecycle.go:708","msg":"taskId:HYPW-2752721-1790366898733054584MFL has failed with remark: exit status 1\n"}
{"level":"info","time":"2026-09-26T01:38:28.412+0530","caller":"jobmanager/JobSummaryManager.go:54","msg":"\n FAILED \n"}
{"level":"info","time":"2026-09-26T01:38:28.412+0530","caller":"jobmanager/JobSummaryManager.go:113","msg":"    Test Execution Time:                  0s"}
{"level":"info","time":"2026-09-26T01:38:28.412+0530","caller":"jobmanager/JobSummaryManager.go:113","msg":"    Job Duration Time:                    3s"}
{"level":"info","time":"2026-09-26T01:38:28.412+0530","caller":"jobmanager/JobSummaryManager.go:113","msg":"    Total Tasks:                          2"}
{"level":"info","time":"2026-09-26T01:38:28.413+0530","caller":"jobmanager/JobSummaryManager.go:113","msg":"    Cumulative Time Consumed:             4s"}
{"level":"info","time":"2026-09-26T01:38:28.413+0530","caller":"jobmanager/JobSummaryManager.go:113","msg":"    Total Stages:                         4"}
{"level":"info","time":"2026-09-26T01:38:28.413+0530","caller":"jobmanager/JobSummaryManager.go:113","msg":"    Pass discovery stage percentage:      0.00%"}
{"level":"info","time":"2026-09-26T01:38:28.413+0530","caller":"jobmanager/JobSummaryManager.go:113","msg":"    Failed discovery stage percentage:    100.00%"}
{"level":"info","time":"2026-09-26T01:38:28.413+0530","caller":"jobmanager/JobSummaryManager.go:113","msg":"    Pass pre stage percentage:            100.00%"}
{"level":"info","time":"2026-09-26T01:38:28.413+0530","caller":"jobmanager/JobSummaryManager.go:113","msg":"    Failed pre stage percentage:          0.00%"}
{"level":"info","time":"2026-09-26T01:38:28.413+0530","caller":"jobmanager/JobSummaryManager.go:113","msg":"    Pass test stage percentage:           0.00%"}
{"level":"info","time":"2026-09-26T01:38:28.413+0530","caller":"jobmanager/JobSummaryManager.go:113","msg":"    Failed test stage percentage:         0.00%"}
{"level":"info","time":"2026-09-26T01:38:28.413+0530","caller":"jobmanager/JobSummaryManager.go:113","msg":"    Pass post stage percentage:           0.00%"}
{"level":"info","time":"2026-09-26T01:38:28.413+0530","caller":"jobmanager/JobSummaryManager.go:113","msg":"    Failed post stage percentage:         0.00%"}
{"level":"info","time":"2026-09-26T01:38:28.413+0530","caller":"jobmanager/JobSummaryManager.go:113","msg":"    Failed Tasks:                         2"}
{"level":"info","time":"2026-09-26T01:38:28.413+0530","caller":"jobmanager/JobSummaryManager.go:58","msg":""}
{"level":"debug","time":"2026-09-26T01:38:28.416+0530","caller":"core/lifecycle.go:821","msg":"Context canceled"}
{"level":"info","time":"2026-09-26T01:38:28.416+0530","caller":"events/manager.go:338","msg":"context done and stopping SSE"}
{"level":"debug","time":"2026-09-26T01:38:28.416+0530","caller":"events/manager.go:256","msg":"Stopping event manager"}
{"level":"info","time":"2026-09-26T01:38:28.416+0530","caller":"core/lifecycle.go:824","msg":"Stopping pipeline gracefully"}
{"level":"error","time":"2026-09-26T01:38:28.416+0530","caller":"core/lifecycle.go:827","msg":"2026-09-26T01:37:57+05:30    error    Exiting with error: Failed tasks found."}
{"level":"info","time":"2026-09-26T01:38:28.417+0530","caller":"jobmanager/manager.go:136","msg":"Job Link: https://hyperexecute.lambdatest.com/hyperexecute/task?jobId=47ea6b0e-d93c-4c29-aa76-acfec2402d1a\n"}
{"level":"debug","time":"2026-09-26T01:38:28.417+0530","caller":"core/lifecycle.go:76","msg":"Quit requested from main goroutine...."}
{"level":"debug","time":"2026-09-26T01:38:28.417+0530","caller":"core/lifecycle.go:77","msg":"Waiting for the goroutines to exit"}
{"level":"debug","time":"2026-09-26T01:38:28.417+0530","caller":"core/lifecycle.go:80","msg":"All lifecycle goroutines exited"}
{"level":"debug","time":"2026-09-26T01:38:28.417+0530","caller":"cmd/bin.go:348","msg":"main: all goroutines have finished."}
{"level":"debug","time":"2026-09-26T01:38:28.417+0530","caller":"cmd/bin.go:387","msg":"Exiting application due to error Failed tasks found."}
{"level":"debug","time":"2026-09-26T01:39:29.561+0530","caller":"cmd/bin.go:138","msg":"cli os: windows, cli arch: amd64"}
{"level":"debug","time":"2026-09-26T01:39:29.561+0530","caller":"cmd/bin.go:139","msg":"Current binary version: 0.2.357, Environment: prod"}
{"level":"debug","time":"2026-09-26T01:39:30.250+0530","caller":"cmd/bin.go:148","msg":"Upstream version details: {Name:cli Min:0.2.265 Max:0.2.357} "}
{"level":"info","time":"2026-09-26T01:39:30.250+0530","caller":"cmd/bin.go:196","msg":"Generating TraceID for tracking request: 01M3D2ZTY3GB3VVGTWDV39DJ82 \n"}
{"level":"debug","time":"2026-09-26T01:39:36.166+0530","caller":"core/lifecycle.go:124","msg":"Setting environment"}
{"level":"debug","time":"2026-09-26T01:39:36.166+0530","caller":"core/lifecycle.go:127","msg":"Parsing config"}
{"level":"debug","time":"2026-09-26T01:39:36.166+0530","caller":"yamlconfigmanager/setup.go:746","msg":"Custom location for .hyperexecute.yaml specified. Using: hyperexecute.yaml"}
{"level":"debug","time":"2026-09-26T01:39:36.167+0530","caller":"yamlconfigmanager/setup.go:120","msg":"using hyperexecute config from : hyperexecute.yaml"}
{"level":"debug","time":"2026-09-26T01:39:36.168+0530","caller":"yamlconfigmanager/setup.go:2013","msg":"Environment variable not set against the variable - matrix.os mentioned in yaml"}
{"level":"debug","time":"2026-09-26T01:39:37.919+0530","caller":"yamlconfigmanager/setup.go:2250","msg":"Autodetecting test type in files of path : C:\\Users\\ROHIN\\Downloads\\playwright"}
{"level":"debug","time":"2026-09-26T01:39:37.919+0530","caller":"yamlconfigmanager/setup.go:2292","msg":"File in which test type is detected - C:\\Users\\ROHIN\\Downloads\\playwright/package.json"}
{"level":"debug","time":"2026-09-26T01:39:37.919+0530","caller":"yamlconfigmanager/setup.go:2293","msg":"Pre command in which test type is detected - node --version - npm --version - npm install - npx playwright install"}
{"level":"debug","time":"2026-09-26T01:39:37.919+0530","caller":"yamlconfigmanager/setup.go:526","msg":"Automatic test type detected - playwright"}
{"level":"error","time":"2026-09-26T01:39:38.858+0530","caller":"core/lifecycle.go:132","msg":"2026-09-26T01:39:28+05:30    error    \u001b[91mERR::YML::VAL\u001b[0m     Invalid yaml content: Hybrid mode cannot have static discovery, Please explicitly set testDiscovery mode as dynamic or remote!!"}
{"level":"debug","time":"2026-09-26T01:39:38.858+0530","caller":"core/lifecycle.go:76","msg":"Quit requested from main goroutine...."}
{"level":"debug","time":"2026-09-26T01:39:38.858+0530","caller":"core/lifecycle.go:77","msg":"Waiting for the goroutines to exit"}
{"level":"debug","time":"2026-09-26T01:39:38.858+0530","caller":"core/lifecycle.go:80","msg":"All lifecycle goroutines exited"}
{"level":"debug","time":"2026-09-26T01:39:38.858+0530","caller":"cmd/bin.go:348","msg":"main: all goroutines have finished."}
{"level":"debug","time":"2026-09-26T01:39:38.858+0530","caller":"cmd/bin.go:387","msg":"Exiting application due to error \u001b[91mERR::YML::VAL\u001b[0m     Invalid yaml content: Hybrid mode cannot have static discovery, Please explicitly set testDiscovery mode as dynamic or remote!!"}
{"level":"debug","time":"2026-09-26T01:40:21.250+0530","caller":"cmd/bin.go:138","msg":"cli os: windows, cli arch: amd64"}
{"level":"debug","time":"2026-09-26T01:40:21.251+0530","caller":"cmd/bin.go:139","msg":"Current binary version: 0.2.357, Environment: prod"}
{"level":"debug","time":"2026-09-26T01:40:22.158+0530","caller":"cmd/bin.go:148","msg":"Upstream version details: {Name:cli Min:0.2.265 Max:0.2.357} "}
{"level":"info","time":"2026-09-26T01:40:22.158+0530","caller":"cmd/bin.go:196","msg":"Generating TraceID for tracking request: 01M3D31D4B0GA9DCZJ1FF8S17J \n"}
{"level":"debug","time":"2026-09-26T01:40:24.365+0530","caller":"core/lifecycle.go:124","msg":"Setting environment"}
{"level":"debug","time":"2026-09-26T01:40:24.366+0530","caller":"core/lifecycle.go:127","msg":"Parsing config"}
{"level":"debug","time":"2026-09-26T01:40:24.366+0530","caller":"yamlconfigmanager/setup.go:746","msg":"Custom location for .hyperexecute.yaml specified. Using: hyperexecute.yaml"}
{"level":"debug","time":"2026-09-26T01:40:24.367+0530","caller":"yamlconfigmanager/setup.go:120","msg":"using hyperexecute config from : hyperexecute.yaml"}
{"level":"debug","time":"2026-09-26T01:40:24.368+0530","caller":"yamlconfigmanager/setup.go:2013","msg":"Environment variable not set against the variable - matrix.os mentioned in yaml"}
{"level":"debug","time":"2026-09-26T01:40:25.949+0530","caller":"yamlconfigmanager/setup.go:2250","msg":"Autodetecting test type in files of path : C:\\Users\\ROHIN\\Downloads\\playwright"}
{"level":"debug","time":"2026-09-26T01:40:25.950+0530","caller":"yamlconfigmanager/setup.go:2292","msg":"File in which test type is detected - C:\\Users\\ROHIN\\Downloads\\playwright/package.json"}
{"level":"debug","time":"2026-09-26T01:40:25.950+0530","caller":"yamlconfigmanager/setup.go:2293","msg":"Pre command in which test type is detected - node --version - npm --version - npm install - npx playwright install"}
{"level":"debug","time":"2026-09-26T01:40:25.950+0530","caller":"yamlconfigmanager/setup.go:526","msg":"Automatic test type detected - playwright"}
{"level":"debug","time":"2026-09-26T01:40:26.868+0530","caller":"yamlconfigmanager/setup.go:1675","msg":"dynamic discovery redirect: flag off, keeping mode=dynamic"}
{"level":"debug","time":"2026-09-26T01:40:26.868+0530","caller":"yamlconfigmanager/setup.go:570","msg":"Tunnel: false"}
{"level":"info","time":"2026-09-26T01:40:26.868+0530","caller":"models/HypertestYamlConfig.go:993","msg":"\n\u001b[4m\u001b[1m\u001b[97mExecution Plan\u001b[0m\u001b[22m\u001b[24m"}
{"level":"info","time":"2026-09-26T01:40:26.868+0530","caller":"models/HypertestYamlConfig.go:792","msg":"Mode:    \u001b[36mhybrid\u001b[0m"}
{"level":"info","time":"2026-09-26T01:40:26.868+0530","caller":"models/HypertestYamlConfig.go:846","msg":"Parallelism:    \u001b[36m Linux - 1  Default - 1\u001b[0m"}
{"level":"info","time":"2026-09-26T01:40:26.868+0530","caller":"models/HypertestYamlConfig.go:854","msg":"Runson:    \u001b[36m${matrix.os}\u001b[0m"}
{"level":"info","time":"2026-09-26T01:40:26.868+0530","caller":"models/HypertestYamlConfig.go:862","msg":"Concurrency:    \u001b[36m2\u001b[0m"}
{"level":"info","time":"2026-09-26T01:40:26.868+0530","caller":"models/HypertestYamlConfig.go:926","msg":"Report:    \u001b[36menabled\u001b[0m"}
{"level":"info","time":"2026-09-26T01:40:26.868+0530","caller":"models/HypertestYamlConfig.go:940","msg":"Artefacts:"}
{"level":"info","time":"2026-09-26T01:40:26.868+0530","caller":"models/HypertestYamlConfig.go:943","msg":"    FinalReport:    \u001b[36mplaywright-report/**\u001b[0m"}
{"level":"info","time":"2026-09-26T01:40:26.868+0530","caller":"models/HypertestYamlConfig.go:958","msg":"Cache Directories:"}
{"level":"info","time":"2026-09-26T01:40:26.868+0530","caller":"models/HypertestYamlConfig.go:960","msg":"    \u001b[36mnode_modules\u001b[0m"}
{"level":"info","time":"2026-09-26T01:40:26.868+0530","caller":"models/HypertestYamlConfig.go:1006","msg":""}
{"level":"debug","time":"2026-09-26T01:40:26.869+0530","caller":"filevalidator/setup.go:50","msg":"Warning: Checking data.json file in current directory, no dataJsonPath found in .hyperexecute.yaml"}
{"level":"debug","time":"2026-09-26T01:40:26.869+0530","caller":"filevalidator/setup.go:54","msg":"Warning: data.json file doesn't exist"}
{"level":"info","time":"2026-09-26T01:40:30.964+0530","caller":"core/lifecycle.go:318","msg":"\u001b[102m\u001b[1m\u001b[30mYou've consumed 4.33 % of your limit. Free trial mins left - 287.00\u001b[0m\u001b[22m\u001b[0m"}
{"level":"debug","time":"2026-09-26T01:40:30.964+0530","caller":"core/lifecycle.go:397","msg":"Job ID: 6e571a6c-f3bd-4ef1-b0d2-4be9d17d1e85"}
{"level":"debug","time":"2026-09-26T01:40:30.964+0530","caller":"events/manager.go:97","msg":"Starting event manager"}
{"level":"debug","time":"2026-09-26T01:40:30.964+0530","caller":"events/manager.go:99","msg":"SSE enabled, getting SSE connection"}
{"level":"debug","time":"2026-09-26T01:40:30.964+0530","caller":"core/lifecycle.go:400","msg":"User - SwathyE, triggered job with ID 6e571a6c-f3bd-4ef1-b0d2-4be9d17d1e85 from CLI"}
{"level":"debug","time":"2026-09-26T01:40:30.964+0530","caller":"core/lifecycle.go:403","msg":"User has provided playwright as test type for the job with ID 6e571a6c-f3bd-4ef1-b0d2-4be9d17d1e85"}
{"level":"debug","time":"2026-09-26T01:40:30.965+0530","caller":"archivemanager/setup.go:341","msg":"digestMap: map[]"}
{"level":"debug","time":"2026-09-26T01:40:30.966+0530","caller":"archivemanager/setup.go:347","msg":"Creating archive of target directory: C:\\Users\\ROHIN\\Downloads\\playwright"}
{"level":"debug","time":"2026-09-26T01:40:30.978+0530","caller":"core/lifecycle.go:554","msg":"Zip file size: 7.76 kB"}
{"level":"debug","time":"2026-09-26T01:40:30.978+0530","caller":"core/lifecycle.go:564","msg":"Archive location: C:\\Users\\ROHIN\\Downloads\\playwright\\hyperexecute-code-6e571a6c-f3bd-4ef1-b0d2-4be9d17d1e85.zip\n"}
{"level":"debug","time":"2026-09-26T01:40:30.979+0530","caller":"receptionmanager/setup.go:441","msg":"number of entries in runtimes: 0, switching to new yaml format"}
{"level":"debug","time":"2026-09-26T01:40:30.980+0530","caller":"receptionmanager/setup.go:470","msg":"number of entries in partialreports: 0, switching to new yaml format"}
{"level":"debug","time":"2026-09-26T01:40:30.980+0530","caller":"receptionmanager/setup.go:221","msg":"policy enforce: feature flag off, skipping enforcement"}
{"level":"debug","time":"2026-09-26T01:40:30.980+0530","caller":"receptionmanager/setup.go:355","msg":"Uploading yaml : C:\\Users\\ROHIN\\Downloads\\playwright\\.updatedhyperexecute.yaml"}
{"level":"debug","time":"2026-09-26T01:40:30.981+0530","caller":"storage/azure.go:59","msg":"Payload size: 4.12 kB, source path C:\\Users\\ROHIN\\Downloads\\playwright\\.updatedhyperexecute.yaml"}
{"level":"debug","time":"2026-09-26T01:40:34.382+0530","caller":"storage/azure.go:83","msg":"Azcopy output: \n\r100.0 %, 1 Done, 0 Failed, 0 Pending, 0 Skipped, 1 Total, 2-sec Throughput (Mb/s): 0.0165\nTotal time taken to upload(min) :0.0333\n, stderr: "}
{"level":"info","time":"2026-09-26T01:40:34.382+0530","caller":"storage/azure.go:122","msg":"File: C:\\Users\\ROHIN\\Downloads\\playwright\\.updatedhyperexecute.yaml upload completed in 3.4007707s"}
{"level":"debug","time":"2026-09-26T01:40:34.382+0530","caller":"storage/azure.go:59","msg":"Payload size: 7.76 kB, source path C:\\Users\\ROHIN\\Downloads\\playwright\\hyperexecute-code-6e571a6c-f3bd-4ef1-b0d2-4be9d17d1e85.zip"}
{"level":"debug","time":"2026-09-26T01:40:34.441+0530","caller":"events/manager.go:288","msg":"connection to hyperexecute server established successfully."}
{"level":"debug","time":"2026-09-26T01:40:37.600+0530","caller":"storage/azure.go:83","msg":"Azcopy output: \n\r100.0 %, 1 Done, 0 Failed, 0 Pending, 0 Skipped, 1 Total, 2-sec Throughput (Mb/s): 0.0311\nTotal time taken to upload(min) :0.0333\n, stderr: "}
{"level":"info","time":"2026-09-26T01:40:37.600+0530","caller":"storage/azure.go:122","msg":"File: C:\\Users\\ROHIN\\Downloads\\playwright\\hyperexecute-code-6e571a6c-f3bd-4ef1-b0d2-4be9d17d1e85.zip upload completed in 3.2180755s"}
{"level":"debug","time":"2026-09-26T01:40:37.601+0530","caller":"core/lifecycle.go:605","msg":"Successfully deleted code archive: C:\\Users\\ROHIN\\Downloads\\playwright\\hyperexecute-code-6e571a6c-f3bd-4ef1-b0d2-4be9d17d1e85.zip\n"}
{"level":"debug","time":"2026-09-26T01:40:37.604+0530","caller":"storage/azure.go:59","msg":"Payload size: 597 B, source path mask-6e571a6c-f3bd-4ef1-b0d2-4be9d17d1e85.yaml"}
{"level":"debug","time":"2026-09-26T01:40:40.786+0530","caller":"storage/azure.go:83","msg":"Azcopy output: \n\r100.0 %, 1 Done, 0 Failed, 0 Pending, 0 Skipped, 1 Total, 2-sec Throughput (Mb/s): 0.0024\nTotal time taken to upload(min) :0.0333\n, stderr: "}
{"level":"info","time":"2026-09-26T01:40:40.786+0530","caller":"storage/azure.go:122","msg":"File: mask-6e571a6c-f3bd-4ef1-b0d2-4be9d17d1e85.yaml upload completed in 3.1823371s"}
{"level":"debug","time":"2026-09-26T01:40:40.787+0530","caller":"httpclient/client.go:45","msg":"[DEBUG] POST https://api-hyperexecute.lambdatest.com/dispatcher/api/dispatcher"}
{"level":"info","time":"2026-09-26T01:40:42.329+0530","caller":"dispatchermanager/setup.go:94","msg":"Dispatch attempt to https://api-hyperexecute.lambdatest.com/dispatcher returned status 200"}
{"level":"debug","time":"2026-09-26T01:40:43.354+0530","caller":"jobmanager/sse_setup.go:192","msg":"Task id: HYPL-2752721-1790367041131716105VIN"}
{"level":"debug","time":"2026-09-26T01:40:43.355+0530","caller":"jobmanager/sse_setup.go:193","msg":"Sending new task alert to stage manager for taskId: HYPL-2752721-1790367041131716105VIN"}
{"level":"debug","time":"2026-09-26T01:40:43.355+0530","caller":"jobmanager/sse_setup.go:192","msg":"Task id: HYPW-2752721-1790367041136396096VPD"}
{"level":"debug","time":"2026-09-26T01:40:43.355+0530","caller":"jobmanager/sse_setup.go:193","msg":"Sending new task alert to stage manager for taskId: HYPW-2752721-1790367041136396096VPD"}
{"level":"info","time":"2026-09-26T01:40:45.812+0530","caller":"terminal/terminal.go:187","msg":"✔ [1]  cache-download (0s)\n"}
{"level":"info","time":"2026-09-26T01:40:45.914+0530","caller":"jobmanager/sse_setup.go:84","msg":"\nJob 6e571a6c-f3bd-4ef1-b0d2-4be9d17d1e85 has started RUNNING"}
{"level":"info","time":"2026-09-26T01:40:45.916+0530","caller":"jobmanager/manager.go:136","msg":"Job Link: https://hyperexecute.lambdatest.com/hyperexecute/task?jobId=6e571a6c-f3bd-4ef1-b0d2-4be9d17d1e85\n"}
{"level":"info","time":"2026-09-26T01:40:46.301+0530","caller":"terminal/terminal.go:187","msg":"✔ [1]  pre (1s)\n"}
{"level":"info","time":"2026-09-26T01:40:46.596+0530","caller":"terminal/terminal.go:187","msg":"x [1]  discovery (0s)\n"}
{"level":"info","time":"2026-09-26T01:40:46.597+0530","caller":"terminal/terminal.go:187","msg":"✔ [2]  cache-download (0s)\n"}
{"level":"info","time":"2026-09-26T01:40:47.513+0530","caller":"terminal/terminal.go:187","msg":"✔ [2]  pre (2s)\n"}
{"level":"info","time":"2026-09-26T01:40:47.802+0530","caller":"terminal/terminal.go:187","msg":"x [2]  discovery (1s)\n"}
{"level":"debug","time":"2026-09-26T01:40:49.631+0530","caller":"jobmanager/sse_setup.go:134","msg":"\n\nJob status"}
{"level":"info","time":"2026-09-26T01:40:49.632+0530","caller":"core/lifecycle.go:708","msg":"taskId:HYPL-2752721-1790367041131716105VIN has failed with remark: exit status 1\n"}
{"level":"info","time":"2026-09-26T01:40:49.632+0530","caller":"core/lifecycle.go:708","msg":"taskId:HYPW-2752721-1790367041136396096VPD has failed with remark: exit status 1\n"}
{"level":"info","time":"2026-09-26T01:40:50.327+0530","caller":"jobmanager/JobSummaryManager.go:54","msg":"\n FAILED \n"}
{"level":"info","time":"2026-09-26T01:40:50.328+0530","caller":"jobmanager/JobSummaryManager.go:113","msg":"    Test Execution Time:                  0s"}
{"level":"info","time":"2026-09-26T01:40:50.328+0530","caller":"jobmanager/JobSummaryManager.go:113","msg":"    Job Duration Time:                    3s"}
{"level":"info","time":"2026-09-26T01:40:50.328+0530","caller":"jobmanager/JobSummaryManager.go:113","msg":"    Total Tasks:                          2"}
{"level":"info","time":"2026-09-26T01:40:50.328+0530","caller":"jobmanager/JobSummaryManager.go:113","msg":"    Cumulative Time Consumed:             4s"}
{"level":"info","time":"2026-09-26T01:40:50.328+0530","caller":"jobmanager/JobSummaryManager.go:113","msg":"    Total Stages:                         4"}
{"level":"info","time":"2026-09-26T01:40:50.329+0530","caller":"jobmanager/JobSummaryManager.go:113","msg":"    Pass discovery stage percentage:      0.00%"}
{"level":"info","time":"2026-09-26T01:40:50.329+0530","caller":"jobmanager/JobSummaryManager.go:113","msg":"    Failed discovery stage percentage:    100.00%"}
{"level":"info","time":"2026-09-26T01:40:50.329+0530","caller":"jobmanager/JobSummaryManager.go:113","msg":"    Pass pre stage percentage:            100.00%"}
{"level":"info","time":"2026-09-26T01:40:50.329+0530","caller":"jobmanager/JobSummaryManager.go:113","msg":"    Failed pre stage percentage:          0.00%"}
{"level":"info","time":"2026-09-26T01:40:50.329+0530","caller":"jobmanager/JobSummaryManager.go:113","msg":"    Pass test stage percentage:           0.00%"}
{"level":"info","time":"2026-09-26T01:40:50.329+0530","caller":"jobmanager/JobSummaryManager.go:113","msg":"    Failed test stage percentage:         0.00%"}
{"level":"info","time":"2026-09-26T01:40:50.329+0530","caller":"jobmanager/JobSummaryManager.go:113","msg":"    Pass post stage percentage:           0.00%"}
{"level":"info","time":"2026-09-26T01:40:50.329+0530","caller":"jobmanager/JobSummaryManager.go:113","msg":"    Failed post stage percentage:         0.00%"}
{"level":"info","time":"2026-09-26T01:40:50.329+0530","caller":"jobmanager/JobSummaryManager.go:113","msg":"    Failed Tasks:                         2"}
{"level":"info","time":"2026-09-26T01:40:50.329+0530","caller":"jobmanager/JobSummaryManager.go:58","msg":""}
{"level":"debug","time":"2026-09-26T01:40:50.330+0530","caller":"core/lifecycle.go:821","msg":"Context canceled"}
{"level":"info","time":"2026-09-26T01:40:50.331+0530","caller":"core/lifecycle.go:824","msg":"Stopping pipeline gracefully"}
{"level":"info","time":"2026-09-26T01:40:50.331+0530","caller":"events/manager.go:338","msg":"context done and stopping SSE"}
{"level":"debug","time":"2026-09-26T01:40:50.331+0530","caller":"events/manager.go:256","msg":"Stopping event manager"}
{"level":"error","time":"2026-09-26T01:40:50.331+0530","caller":"core/lifecycle.go:827","msg":"2026-09-26T01:40:20+05:30    error    Exiting with error: Failed tasks found."}
{"level":"info","time":"2026-09-26T01:40:50.331+0530","caller":"jobmanager/manager.go:136","msg":"Job Link: https://hyperexecute.lambdatest.com/hyperexecute/task?jobId=6e571a6c-f3bd-4ef1-b0d2-4be9d17d1e85\n"}
{"level":"debug","time":"2026-09-26T01:40:50.331+0530","caller":"core/lifecycle.go:76","msg":"Quit requested from main goroutine...."}
{"level":"debug","time":"2026-09-26T01:40:50.331+0530","caller":"core/lifecycle.go:77","msg":"Waiting for the goroutines to exit"}
{"level":"debug","time":"2026-09-26T01:40:50.331+0530","caller":"core/lifecycle.go:80","msg":"All lifecycle goroutines exited"}
{"level":"debug","time":"2026-09-26T01:40:50.331+0530","caller":"cmd/bin.go:348","msg":"main: all goroutines have finished."}
{"level":"debug","time":"2026-09-26T01:40:50.331+0530","caller":"cmd/bin.go:387","msg":"Exiting application due to error Failed tasks found."}
{"level":"debug","time":"2026-09-26T01:42:24.124+0530","caller":"cmd/bin.go:138","msg":"cli os: windows, cli arch: amd64"}
{"level":"debug","time":"2026-09-26T01:42:24.124+0530","caller":"cmd/bin.go:139","msg":"Current binary version: 0.2.357, Environment: prod"}
{"level":"debug","time":"2026-09-26T01:42:25.043+0530","caller":"cmd/bin.go:148","msg":"Upstream version details: {Name:cli Min:0.2.265 Max:0.2.357} "}
{"level":"info","time":"2026-09-26T01:42:25.043+0530","caller":"cmd/bin.go:196","msg":"Generating TraceID for tracking request: 01M3D35567ZS0ANN8K4BRS6VAD \n"}
{"level":"debug","time":"2026-09-26T01:42:28.219+0530","caller":"core/lifecycle.go:124","msg":"Setting environment"}
{"level":"debug","time":"2026-09-26T01:42:28.220+0530","caller":"core/lifecycle.go:127","msg":"Parsing config"}
{"level":"debug","time":"2026-09-26T01:42:28.220+0530","caller":"yamlconfigmanager/setup.go:746","msg":"Custom location for .hyperexecute.yaml specified. Using: hyperexecute.yaml"}
{"level":"debug","time":"2026-09-26T01:42:28.221+0530","caller":"yamlconfigmanager/setup.go:120","msg":"using hyperexecute config from : hyperexecute.yaml"}
{"level":"debug","time":"2026-09-26T01:42:28.221+0530","caller":"yamlconfigmanager/setup.go:2013","msg":"Environment variable not set against the variable - matrix.os mentioned in yaml"}
{"level":"debug","time":"2026-09-26T01:42:29.958+0530","caller":"yamlconfigmanager/setup.go:2250","msg":"Autodetecting test type in files of path : C:\\Users\\ROHIN\\Downloads\\playwright"}
{"level":"debug","time":"2026-09-26T01:42:29.958+0530","caller":"yamlconfigmanager/setup.go:2292","msg":"File in which test type is detected - C:\\Users\\ROHIN\\Downloads\\playwright/package.json"}
{"level":"debug","time":"2026-09-26T01:42:29.958+0530","caller":"yamlconfigmanager/setup.go:2293","msg":"Pre command in which test type is detected - node --version - npm --version - npm install - npx playwright install"}
{"level":"debug","time":"2026-09-26T01:42:29.958+0530","caller":"yamlconfigmanager/setup.go:526","msg":"Automatic test type detected - playwright"}
{"level":"error","time":"2026-09-26T01:42:30.888+0530","caller":"core/lifecycle.go:132","msg":"2026-09-26T01:42:23+05:30    error    \u001b[91mERR::YML::VAL\u001b[0m     Invalid yaml content: Hybrid mode cannot have static discovery, Please explicitly set testDiscovery mode as dynamic or remote!!"}
{"level":"debug","time":"2026-09-26T01:42:30.889+0530","caller":"core/lifecycle.go:76","msg":"Quit requested from main goroutine...."}
{"level":"debug","time":"2026-09-26T01:42:30.889+0530","caller":"core/lifecycle.go:77","msg":"Waiting for the goroutines to exit"}
{"level":"debug","time":"2026-09-26T01:42:30.889+0530","caller":"core/lifecycle.go:80","msg":"All lifecycle goroutines exited"}
{"level":"debug","time":"2026-09-26T01:42:30.889+0530","caller":"cmd/bin.go:348","msg":"main: all goroutines have finished."}
{"level":"debug","time":"2026-09-26T01:42:30.889+0530","caller":"cmd/bin.go:387","msg":"Exiting application due to error \u001b[91mERR::YML::VAL\u001b[0m     Invalid yaml content: Hybrid mode cannot have static discovery, Please explicitly set testDiscovery mode as dynamic or remote!!"}
{"level":"debug","time":"2026-09-26T01:43:32.633+0530","caller":"cmd/bin.go:138","msg":"cli os: windows, cli arch: amd64"}
{"level":"debug","time":"2026-09-26T01:43:32.633+0530","caller":"cmd/bin.go:139","msg":"Current binary version: 0.2.357, Environment: prod"}
{"level":"debug","time":"2026-09-26T01:43:33.553+0530","caller":"cmd/bin.go:148","msg":"Upstream version details: {Name:cli Min:0.2.265 Max:0.2.357} "}
{"level":"info","time":"2026-09-26T01:43:33.553+0530","caller":"cmd/bin.go:196","msg":"Generating TraceID for tracking request: 01M3D3784FPSBC5JD4DZQWDQ8C \n"}
{"level":"debug","time":"2026-09-26T01:43:37.647+0530","caller":"core/lifecycle.go:124","msg":"Setting environment"}
{"level":"debug","time":"2026-09-26T01:43:37.647+0530","caller":"core/lifecycle.go:127","msg":"Parsing config"}
{"level":"debug","time":"2026-09-26T01:43:37.648+0530","caller":"yamlconfigmanager/setup.go:746","msg":"Custom location for .hyperexecute.yaml specified. Using: hyperexecute.yaml"}
{"level":"debug","time":"2026-09-26T01:43:37.648+0530","caller":"yamlconfigmanager/setup.go:120","msg":"using hyperexecute config from : hyperexecute.yaml"}
{"level":"debug","time":"2026-09-26T01:43:37.649+0530","caller":"yamlconfigmanager/setup.go:2013","msg":"Environment variable not set against the variable - matrix.os mentioned in yaml"}
{"level":"error","time":"2026-09-26T01:43:37.650+0530","caller":"core/lifecycle.go:132","msg":"2026-09-26T01:43:31+05:30    error    \u001b[91mERR::PAR::HT_YAML\u001b[0m     Unable to parse hyperexecute.yaml  error: yaml: unmarshal errors:\n  line 23: cannot unmarshal !!str `-remote` into map[string]interface {}"}
{"level":"debug","time":"2026-09-26T01:43:37.650+0530","caller":"core/lifecycle.go:76","msg":"Quit requested from main goroutine...."}
{"level":"debug","time":"2026-09-26T01:43:37.650+0530","caller":"core/lifecycle.go:77","msg":"Waiting for the goroutines to exit"}
{"level":"debug","time":"2026-09-26T01:43:37.650+0530","caller":"core/lifecycle.go:80","msg":"All lifecycle goroutines exited"}
{"level":"debug","time":"2026-09-26T01:43:37.651+0530","caller":"cmd/bin.go:348","msg":"main: all goroutines have finished."}
{"level":"debug","time":"2026-09-26T01:43:37.651+0530","caller":"cmd/bin.go:387","msg":"Exiting application due to error \u001b[91mERR::PAR::HT_YAML\u001b[0m     Unable to parse hyperexecute.yaml  error: yaml: unmarshal errors:\n  line 23: cannot unmarshal !!str `-remote` into map[string]interface {}"}
{"level":"debug","time":"2026-09-26T01:44:57.015+0530","caller":"cmd/bin.go:138","msg":"cli os: windows, cli arch: amd64"}
{"level":"debug","time":"2026-09-26T01:44:57.016+0530","caller":"cmd/bin.go:139","msg":"Current binary version: 0.2.357, Environment: prod"}
{"level":"debug","time":"2026-09-26T01:44:57.933+0530","caller":"cmd/bin.go:148","msg":"Upstream version details: {Name:cli Min:0.2.265 Max:0.2.357} "}
{"level":"info","time":"2026-09-26T01:44:57.933+0530","caller":"cmd/bin.go:196","msg":"Generating TraceID for tracking request: 01M3D39TJGT87TS6BMS4E2X3VW \n"}
{"level":"debug","time":"2026-09-26T01:45:01.514+0530","caller":"core/lifecycle.go:124","msg":"Setting environment"}
{"level":"debug","time":"2026-09-26T01:45:01.515+0530","caller":"core/lifecycle.go:127","msg":"Parsing config"}
{"level":"debug","time":"2026-09-26T01:45:01.515+0530","caller":"yamlconfigmanager/setup.go:746","msg":"Custom location for .hyperexecute.yaml specified. Using: hyperexecute.yaml"}
{"level":"debug","time":"2026-09-26T01:45:01.515+0530","caller":"yamlconfigmanager/setup.go:120","msg":"using hyperexecute config from : hyperexecute.yaml"}
{"level":"debug","time":"2026-09-26T01:45:01.515+0530","caller":"yamlconfigmanager/setup.go:2013","msg":"Environment variable not set against the variable - matrix.os mentioned in yaml"}
{"level":"debug","time":"2026-09-26T01:45:03.257+0530","caller":"yamlconfigmanager/setup.go:2250","msg":"Autodetecting test type in files of path : C:\\Users\\ROHIN\\Downloads\\playwright"}
{"level":"debug","time":"2026-09-26T01:45:03.258+0530","caller":"yamlconfigmanager/setup.go:2292","msg":"File in which test type is detected - C:\\Users\\ROHIN\\Downloads\\playwright/package.json"}
{"level":"debug","time":"2026-09-26T01:45:03.258+0530","caller":"yamlconfigmanager/setup.go:2293","msg":"Pre command in which test type is detected - npx playwright install"}
{"level":"debug","time":"2026-09-26T01:45:03.258+0530","caller":"yamlconfigmanager/setup.go:526","msg":"Automatic test type detected - playwright"}
{"level":"debug","time":"2026-09-26T01:45:04.283+0530","caller":"yamlconfigmanager/setup.go:1675","msg":"dynamic discovery redirect: flag off, keeping mode=dynamic"}
{"level":"debug","time":"2026-09-26T01:45:04.283+0530","caller":"yamlconfigmanager/setup.go:570","msg":"Tunnel: false"}
{"level":"info","time":"2026-09-26T01:45:04.283+0530","caller":"models/HypertestYamlConfig.go:993","msg":"\n\u001b[4m\u001b[1m\u001b[97mExecution Plan\u001b[0m\u001b[22m\u001b[24m"}
{"level":"info","time":"2026-09-26T01:45:04.283+0530","caller":"models/HypertestYamlConfig.go:796","msg":"Mode:    \u001b[36mmatrix\u001b[0m"}
{"level":"info","time":"2026-09-26T01:45:04.283+0530","caller":"models/HypertestYamlConfig.go:854","msg":"Runson:    \u001b[36m${matrix.os}\u001b[0m"}
{"level":"info","time":"2026-09-26T01:45:04.283+0530","caller":"models/HypertestYamlConfig.go:926","msg":"Report:    \u001b[36mdisabled\u001b[0m"}
{"level":"info","time":"2026-09-26T01:45:04.283+0530","caller":"models/HypertestYamlConfig.go:958","msg":"Cache Directories:"}
{"level":"info","time":"2026-09-26T01:45:04.284+0530","caller":"models/HypertestYamlConfig.go:960","msg":"    \u001b[36mnode_modules\u001b[0m"}
{"level":"info","time":"2026-09-26T01:45:04.284+0530","caller":"models/HypertestYamlConfig.go:1006","msg":""}
{"level":"debug","time":"2026-09-26T01:45:04.284+0530","caller":"filevalidator/setup.go:50","msg":"Warning: Checking data.json file in current directory, no dataJsonPath found in .hyperexecute.yaml"}
{"level":"debug","time":"2026-09-26T01:45:04.284+0530","caller":"filevalidator/setup.go:54","msg":"Warning: data.json file doesn't exist"}
{"level":"info","time":"2026-09-26T01:45:08.276+0530","caller":"core/lifecycle.go:318","msg":"\u001b[102m\u001b[1m\u001b[30mYou've consumed 4.33 % of your limit. Free trial mins left - 287.00\u001b[0m\u001b[22m\u001b[0m"}
{"level":"debug","time":"2026-09-26T01:45:08.276+0530","caller":"core/lifecycle.go:397","msg":"Job ID: 8279d8e0-ffa1-45b4-8e7d-137cc2ca208f"}
{"level":"debug","time":"2026-09-26T01:45:08.277+0530","caller":"core/lifecycle.go:400","msg":"User - SwathyE, triggered job with ID 8279d8e0-ffa1-45b4-8e7d-137cc2ca208f from CLI"}
{"level":"debug","time":"2026-09-26T01:45:08.277+0530","caller":"core/lifecycle.go:403","msg":"User has provided playwright as test type for the job with ID 8279d8e0-ffa1-45b4-8e7d-137cc2ca208f"}
{"level":"debug","time":"2026-09-26T01:45:08.278+0530","caller":"events/manager.go:97","msg":"Starting event manager"}
{"level":"debug","time":"2026-09-26T01:45:08.278+0530","caller":"events/manager.go:99","msg":"SSE enabled, getting SSE connection"}
{"level":"debug","time":"2026-09-26T01:45:08.284+0530","caller":"archivemanager/setup.go:341","msg":"digestMap: map[]"}
{"level":"debug","time":"2026-09-26T01:45:08.284+0530","caller":"archivemanager/setup.go:347","msg":"Creating archive of target directory: C:\\Users\\ROHIN\\Downloads\\playwright"}
{"level":"debug","time":"2026-09-26T01:45:08.295+0530","caller":"core/lifecycle.go:554","msg":"Zip file size: 7.49 kB"}
{"level":"debug","time":"2026-09-26T01:45:08.296+0530","caller":"core/lifecycle.go:564","msg":"Archive location: C:\\Users\\ROHIN\\Downloads\\playwright\\hyperexecute-code-8279d8e0-ffa1-45b4-8e7d-137cc2ca208f.zip\n"}
{"level":"debug","time":"2026-09-26T01:45:08.297+0530","caller":"receptionmanager/setup.go:441","msg":"number of entries in runtimes: 0, switching to new yaml format"}
{"level":"debug","time":"2026-09-26T01:45:08.297+0530","caller":"receptionmanager/setup.go:470","msg":"number of entries in partialreports: 0, switching to new yaml format"}
{"level":"debug","time":"2026-09-26T01:45:08.297+0530","caller":"receptionmanager/setup.go:221","msg":"policy enforce: feature flag off, skipping enforcement"}
{"level":"debug","time":"2026-09-26T01:45:08.298+0530","caller":"receptionmanager/setup.go:355","msg":"Uploading yaml : C:\\Users\\ROHIN\\Downloads\\playwright\\.updatedhyperexecute.yaml"}
{"level":"debug","time":"2026-09-26T01:45:08.300+0530","caller":"storage/azure.go:59","msg":"Payload size: 3.69 kB, source path C:\\Users\\ROHIN\\Downloads\\playwright\\.updatedhyperexecute.yaml"}
{"level":"debug","time":"2026-09-26T01:45:09.605+0530","caller":"events/manager.go:288","msg":"connection to hyperexecute server established successfully."}
{"level":"debug","time":"2026-09-26T01:45:11.625+0530","caller":"storage/azure.go:83","msg":"Azcopy output: \n\r100.0 %, 1 Done, 0 Failed, 0 Pending, 0 Skipped, 1 Total, 2-sec Throughput (Mb/s): 0.0147\nTotal time taken to upload(min) :0.0333\n, stderr: "}
{"level":"info","time":"2026-09-26T01:45:11.625+0530","caller":"storage/azure.go:122","msg":"File: C:\\Users\\ROHIN\\Downloads\\playwright\\.updatedhyperexecute.yaml upload completed in 3.3270061s"}
{"level":"debug","time":"2026-09-26T01:45:11.625+0530","caller":"storage/azure.go:59","msg":"Payload size: 7.49 kB, source path C:\\Users\\ROHIN\\Downloads\\playwright\\hyperexecute-code-8279d8e0-ffa1-45b4-8e7d-137cc2ca208f.zip"}
{"level":"debug","time":"2026-09-26T01:45:14.812+0530","caller":"storage/azure.go:83","msg":"Azcopy output: \n\r100.0 %, 1 Done, 0 Failed, 0 Pending, 0 Skipped, 1 Total, 2-sec Throughput (Mb/s): 0.03\nTotal time taken to upload(min) :0.0333\n, stderr: "}
{"level":"info","time":"2026-09-26T01:45:14.812+0530","caller":"storage/azure.go:122","msg":"File: C:\\Users\\ROHIN\\Downloads\\playwright\\hyperexecute-code-8279d8e0-ffa1-45b4-8e7d-137cc2ca208f.zip upload completed in 3.186135s"}
{"level":"debug","time":"2026-09-26T01:45:14.813+0530","caller":"core/lifecycle.go:605","msg":"Successfully deleted code archive: C:\\Users\\ROHIN\\Downloads\\playwright\\hyperexecute-code-8279d8e0-ffa1-45b4-8e7d-137cc2ca208f.zip\n"}
{"level":"debug","time":"2026-09-26T01:45:14.814+0530","caller":"storage/azure.go:59","msg":"Payload size: 361 B, source path mask-8279d8e0-ffa1-45b4-8e7d-137cc2ca208f.yaml"}
{"level":"debug","time":"2026-09-26T01:45:18.035+0530","caller":"storage/azure.go:83","msg":"Azcopy output: \n\r100.0 %, 1 Done, 0 Failed, 0 Pending, 0 Skipped, 1 Total, 2-sec Throughput (Mb/s): 0.0014\nTotal time taken to upload(min) :0.0333\n, stderr: "}
{"level":"info","time":"2026-09-26T01:45:18.035+0530","caller":"storage/azure.go:122","msg":"File: mask-8279d8e0-ffa1-45b4-8e7d-137cc2ca208f.yaml upload completed in 3.2216705s"}
{"level":"debug","time":"2026-09-26T01:45:18.036+0530","caller":"httpclient/client.go:45","msg":"[DEBUG] POST https://api-hyperexecute.lambdatest.com/dispatcher/api/dispatcher"}
{"level":"info","time":"2026-09-26T01:45:19.212+0530","caller":"dispatchermanager/setup.go:94","msg":"Dispatch attempt to https://api-hyperexecute.lambdatest.com/dispatcher returned status 200"}
{"level":"debug","time":"2026-09-26T01:45:20.220+0530","caller":"jobmanager/sse_setup.go:192","msg":"Task id: HYPW-2752721-1790367318209903959DKT"}
{"level":"debug","time":"2026-09-26T01:45:20.220+0530","caller":"jobmanager/sse_setup.go:193","msg":"Sending new task alert to stage manager for taskId: HYPW-2752721-1790367318209903959DKT"}
{"level":"info","time":"2026-09-26T01:45:22.406+0530","caller":"terminal/terminal.go:187","msg":"✔ [1]  cache-download (0s)\n"}
{"level":"info","time":"2026-09-26T01:45:22.817+0530","caller":"jobmanager/sse_setup.go:84","msg":"\nJob 8279d8e0-ffa1-45b4-8e7d-137cc2ca208f has started RUNNING"}
{"level":"info","time":"2026-09-26T01:45:22.817+0530","caller":"jobmanager/manager.go:136","msg":"Job Link: https://hyperexecute.lambdatest.com/hyperexecute/task?jobId=8279d8e0-ffa1-45b4-8e7d-137cc2ca208f\n"}
{"level":"info","time":"2026-09-26T01:45:34.185+0530","caller":"terminal/terminal.go:187","msg":"x [1]  pre (12s)\n"}
{"level":"debug","time":"2026-09-26T01:45:36.084+0530","caller":"jobmanager/sse_setup.go:134","msg":"\n\nJob status"}
{"level":"info","time":"2026-09-26T01:45:36.084+0530","caller":"core/lifecycle.go:708","msg":"taskId:HYPW-2752721-1790367318209903959DKT has failed with remark: Job failed at prerun step. Please check your Yaml configuration.\n"}
{"level":"info","time":"2026-09-26T01:45:36.810+0530","caller":"jobmanager/JobSummaryManager.go:54","msg":"\n FAILED \n"}
{"level":"info","time":"2026-09-26T01:45:36.810+0530","caller":"jobmanager/JobSummaryManager.go:113","msg":"    Test Execution Time:                  0s"}
{"level":"info","time":"2026-09-26T01:45:36.810+0530","caller":"jobmanager/JobSummaryManager.go:113","msg":"    Job Duration Time:                    13s"}
{"level":"info","time":"2026-09-26T01:45:36.810+0530","caller":"jobmanager/JobSummaryManager.go:113","msg":"    Total Tasks:                          1"}
{"level":"info","time":"2026-09-26T01:45:36.810+0530","caller":"jobmanager/JobSummaryManager.go:113","msg":"    Cumulative Time Consumed:             13s"}
{"level":"info","time":"2026-09-26T01:45:36.810+0530","caller":"jobmanager/JobSummaryManager.go:113","msg":"    Total Stages:                         1"}
{"level":"info","time":"2026-09-26T01:45:36.810+0530","caller":"jobmanager/JobSummaryManager.go:113","msg":"    Pass discovery stage percentage:      0.00%"}
{"level":"info","time":"2026-09-26T01:45:36.810+0530","caller":"jobmanager/JobSummaryManager.go:113","msg":"    Failed discovery stage percentage:    0.00%"}
{"level":"info","time":"2026-09-26T01:45:36.810+0530","caller":"jobmanager/JobSummaryManager.go:113","msg":"    Pass pre stage percentage:            0.00%"}
{"level":"info","time":"2026-09-26T01:45:36.811+0530","caller":"jobmanager/JobSummaryManager.go:113","msg":"    Failed pre stage percentage:          100.00%"}
{"level":"info","time":"2026-09-26T01:45:36.811+0530","caller":"jobmanager/JobSummaryManager.go:113","msg":"    Pass test stage percentage:           0.00%"}
{"level":"info","time":"2026-09-26T01:45:36.811+0530","caller":"jobmanager/JobSummaryManager.go:113","msg":"    Failed test stage percentage:         0.00%"}
{"level":"info","time":"2026-09-26T01:45:36.811+0530","caller":"jobmanager/JobSummaryManager.go:113","msg":"    Pass post stage percentage:           0.00%"}
{"level":"info","time":"2026-09-26T01:45:36.811+0530","caller":"jobmanager/JobSummaryManager.go:113","msg":"    Failed post stage percentage:         0.00%"}
{"level":"info","time":"2026-09-26T01:45:36.812+0530","caller":"jobmanager/JobSummaryManager.go:113","msg":"    Failed Tasks:                         1"}
{"level":"info","time":"2026-09-26T01:45:36.812+0530","caller":"jobmanager/JobSummaryManager.go:58","msg":""}
{"level":"debug","time":"2026-09-26T01:45:36.813+0530","caller":"core/lifecycle.go:821","msg":"Context canceled"}
{"level":"info","time":"2026-09-26T01:45:36.813+0530","caller":"events/manager.go:338","msg":"context done and stopping SSE"}
{"level":"debug","time":"2026-09-26T01:45:36.816+0530","caller":"events/manager.go:256","msg":"Stopping event manager"}
{"level":"info","time":"2026-09-26T01:45:36.813+0530","caller":"core/lifecycle.go:824","msg":"Stopping pipeline gracefully"}
{"level":"error","time":"2026-09-26T01:45:36.816+0530","caller":"core/lifecycle.go:827","msg":"2026-09-26T01:44:56+05:30    error    Exiting with error: Failed tasks found."}
{"level":"info","time":"2026-09-26T01:45:36.816+0530","caller":"jobmanager/manager.go:136","msg":"Job Link: https://hyperexecute.lambdatest.com/hyperexecute/task?jobId=8279d8e0-ffa1-45b4-8e7d-137cc2ca208f\n"}
{"level":"debug","time":"2026-09-26T01:45:36.816+0530","caller":"core/lifecycle.go:76","msg":"Quit requested from main goroutine...."}
{"level":"debug","time":"2026-09-26T01:45:36.816+0530","caller":"core/lifecycle.go:77","msg":"Waiting for the goroutines to exit"}
{"level":"debug","time":"2026-09-26T01:45:36.816+0530","caller":"core/lifecycle.go:80","msg":"All lifecycle goroutines exited"}
{"level":"debug","time":"2026-09-26T01:45:36.816+0530","caller":"cmd/bin.go:348","msg":"main: all goroutines have finished."}
{"level":"debug","time":"2026-09-26T01:45:36.816+0530","caller":"cmd/bin.go:387","msg":"Exiting application due to error Failed tasks found."}
{"level":"debug","time":"2026-09-26T01:47:18.841+0530","caller":"cmd/bin.go:138","msg":"cli os: windows, cli arch: amd64"}
{"level":"debug","time":"2026-09-26T01:47:18.842+0530","caller":"cmd/bin.go:139","msg":"Current binary version: 0.2.357, Environment: prod"}
{"level":"debug","time":"2026-09-26T01:47:19.668+0530","caller":"cmd/bin.go:148","msg":"Upstream version details: {Name:cli Min:0.2.265 Max:0.2.357} "}
{"level":"info","time":"2026-09-26T01:47:19.668+0530","caller":"cmd/bin.go:196","msg":"Generating TraceID for tracking request: 01M3D3E513QZ71DVWYTSCHHGNG \n"}
{"level":"debug","time":"2026-09-26T01:47:23.449+0530","caller":"core/lifecycle.go:124","msg":"Setting environment"}
{"level":"debug","time":"2026-09-26T01:47:23.449+0530","caller":"core/lifecycle.go:127","msg":"Parsing config"}
{"level":"debug","time":"2026-09-26T01:47:23.450+0530","caller":"yamlconfigmanager/setup.go:746","msg":"Custom location for .hyperexecute.yaml specified. Using: hyperexecute.yaml"}
{"level":"debug","time":"2026-09-26T01:47:23.450+0530","caller":"yamlconfigmanager/setup.go:120","msg":"using hyperexecute config from : hyperexecute.yaml"}
{"level":"debug","time":"2026-09-26T01:47:23.451+0530","caller":"yamlconfigmanager/setup.go:2013","msg":"Environment variable not set against the variable - matrix.os mentioned in yaml"}
{"level":"debug","time":"2026-09-26T01:47:25.190+0530","caller":"yamlconfigmanager/setup.go:2250","msg":"Autodetecting test type in files of path : C:\\Users\\ROHIN\\Downloads\\playwright"}
{"level":"debug","time":"2026-09-26T01:47:25.190+0530","caller":"yamlconfigmanager/setup.go:2292","msg":"File in which test type is detected - C:\\Users\\ROHIN\\Downloads\\playwright/package.json"}
{"level":"debug","time":"2026-09-26T01:47:25.190+0530","caller":"yamlconfigmanager/setup.go:2293","msg":"Pre command in which test type is detected - npx playwright install"}
{"level":"debug","time":"2026-09-26T01:47:25.190+0530","caller":"yamlconfigmanager/setup.go:526","msg":"Automatic test type detected - playwright"}
{"level":"debug","time":"2026-09-26T01:47:26.112+0530","caller":"yamlconfigmanager/setup.go:1675","msg":"dynamic discovery redirect: flag off, keeping mode=dynamic"}
{"level":"debug","time":"2026-09-26T01:47:26.112+0530","caller":"yamlconfigmanager/setup.go:570","msg":"Tunnel: false"}
{"level":"info","time":"2026-09-26T01:47:26.112+0530","caller":"models/HypertestYamlConfig.go:993","msg":"\n\u001b[4m\u001b[1m\u001b[97mExecution Plan\u001b[0m\u001b[22m\u001b[24m"}
{"level":"info","time":"2026-09-26T01:47:26.112+0530","caller":"models/HypertestYamlConfig.go:796","msg":"Mode:    \u001b[36mmatrix\u001b[0m"}
{"level":"info","time":"2026-09-26T01:47:26.112+0530","caller":"models/HypertestYamlConfig.go:854","msg":"Runson:    \u001b[36m${matrix.os}\u001b[0m"}
{"level":"info","time":"2026-09-26T01:47:26.112+0530","caller":"models/HypertestYamlConfig.go:926","msg":"Report:    \u001b[36mdisabled\u001b[0m"}
{"level":"info","time":"2026-09-26T01:47:26.113+0530","caller":"models/HypertestYamlConfig.go:958","msg":"Cache Directories:"}
{"level":"info","time":"2026-09-26T01:47:26.113+0530","caller":"models/HypertestYamlConfig.go:960","msg":"    \u001b[36mnode_modules\u001b[0m"}
{"level":"info","time":"2026-09-26T01:47:26.113+0530","caller":"models/HypertestYamlConfig.go:1006","msg":""}
{"level":"debug","time":"2026-09-26T01:47:26.113+0530","caller":"filevalidator/setup.go:50","msg":"Warning: Checking data.json file in current directory, no dataJsonPath found in .hyperexecute.yaml"}
{"level":"debug","time":"2026-09-26T01:47:26.114+0530","caller":"filevalidator/setup.go:54","msg":"Warning: data.json file doesn't exist"}
{"level":"info","time":"2026-09-26T01:47:29.453+0530","caller":"core/lifecycle.go:318","msg":"\u001b[102m\u001b[1m\u001b[30mYou've consumed 4.67 % of your limit. Free trial mins left - 286.00\u001b[0m\u001b[22m\u001b[0m"}
{"level":"debug","time":"2026-09-26T01:47:29.453+0530","caller":"core/lifecycle.go:397","msg":"Job ID: 591f5005-3e81-401c-a505-f1e374c49451"}
{"level":"debug","time":"2026-09-26T01:47:29.453+0530","caller":"core/lifecycle.go:400","msg":"User - SwathyE, triggered job with ID 591f5005-3e81-401c-a505-f1e374c49451 from CLI"}
{"level":"debug","time":"2026-09-26T01:47:29.453+0530","caller":"core/lifecycle.go:403","msg":"User has provided playwright as test type for the job with ID 591f5005-3e81-401c-a505-f1e374c49451"}
{"level":"debug","time":"2026-09-26T01:47:29.453+0530","caller":"events/manager.go:97","msg":"Starting event manager"}
{"level":"debug","time":"2026-09-26T01:47:29.453+0530","caller":"events/manager.go:99","msg":"SSE enabled, getting SSE connection"}
{"level":"debug","time":"2026-09-26T01:47:29.455+0530","caller":"archivemanager/setup.go:341","msg":"digestMap: map[]"}
{"level":"debug","time":"2026-09-26T01:47:29.455+0530","caller":"archivemanager/setup.go:347","msg":"Creating archive of target directory: C:\\Users\\ROHIN\\Downloads\\playwright"}
{"level":"debug","time":"2026-09-26T01:47:29.468+0530","caller":"core/lifecycle.go:554","msg":"Zip file size: 7.50 kB"}
{"level":"debug","time":"2026-09-26T01:47:29.468+0530","caller":"core/lifecycle.go:564","msg":"Archive location: C:\\Users\\ROHIN\\Downloads\\playwright\\hyperexecute-code-591f5005-3e81-401c-a505-f1e374c49451.zip\n"}
{"level":"debug","time":"2026-09-26T01:47:29.469+0530","caller":"receptionmanager/setup.go:441","msg":"number of entries in runtimes: 0, switching to new yaml format"}
{"level":"debug","time":"2026-09-26T01:47:29.469+0530","caller":"receptionmanager/setup.go:470","msg":"number of entries in partialreports: 0, switching to new yaml format"}
{"level":"debug","time":"2026-09-26T01:47:29.469+0530","caller":"receptionmanager/setup.go:221","msg":"policy enforce: feature flag off, skipping enforcement"}
{"level":"debug","time":"2026-09-26T01:47:29.470+0530","caller":"receptionmanager/setup.go:355","msg":"Uploading yaml : C:\\Users\\ROHIN\\Downloads\\playwright\\.updatedhyperexecute.yaml"}
{"level":"debug","time":"2026-09-26T01:47:29.471+0530","caller":"storage/azure.go:59","msg":"Payload size: 3.65 kB, source path C:\\Users\\ROHIN\\Downloads\\playwright\\.updatedhyperexecute.yaml"}
{"level":"debug","time":"2026-09-26T01:47:30.514+0530","caller":"events/manager.go:288","msg":"connection to hyperexecute server established successfully."}
{"level":"debug","time":"2026-09-26T01:47:32.865+0530","caller":"storage/azure.go:83","msg":"Azcopy output: \n\r100.0 %, 1 Done, 0 Failed, 0 Pending, 0 Skipped, 1 Total, 2-sec Throughput (Mb/s): 0.0146\nTotal time taken to upload(min) :0.0333\n, stderr: "}
{"level":"info","time":"2026-09-26T01:47:32.865+0530","caller":"storage/azure.go:122","msg":"File: C:\\Users\\ROHIN\\Downloads\\playwright\\.updatedhyperexecute.yaml upload completed in 3.3950521s"}
{"level":"debug","time":"2026-09-26T01:47:32.866+0530","caller":"storage/azure.go:59","msg":"Payload size: 7.50 kB, source path C:\\Users\\ROHIN\\Downloads\\playwright\\hyperexecute-code-591f5005-3e81-401c-a505-f1e374c49451.zip"}
{"level":"debug","time":"2026-09-26T01:47:36.027+0530","caller":"storage/azure.go:83","msg":"Azcopy output: \n\r100.0 %, 1 Done, 0 Failed, 0 Pending, 0 Skipped, 1 Total, 2-sec Throughput (Mb/s): 0.03\nTotal time taken to upload(min) :0.0333\n, stderr: "}
{"level":"info","time":"2026-09-26T01:47:36.027+0530","caller":"storage/azure.go:122","msg":"File: C:\\Users\\ROHIN\\Downloads\\playwright\\hyperexecute-code-591f5005-3e81-401c-a505-f1e374c49451.zip upload completed in 3.1607305s"}
{"level":"debug","time":"2026-09-26T01:47:36.028+0530","caller":"core/lifecycle.go:605","msg":"Successfully deleted code archive: C:\\Users\\ROHIN\\Downloads\\playwright\\hyperexecute-code-591f5005-3e81-401c-a505-f1e374c49451.zip\n"}
{"level":"debug","time":"2026-09-26T01:47:36.029+0530","caller":"storage/azure.go:59","msg":"Payload size: 334 B, source path mask-591f5005-3e81-401c-a505-f1e374c49451.yaml"}
{"level":"debug","time":"2026-09-26T01:47:39.310+0530","caller":"storage/azure.go:83","msg":"Azcopy output: \n\r100.0 %, 1 Done, 0 Failed, 0 Pending, 0 Skipped, 1 Total, 2-sec Throughput (Mb/s): 0.0013\nTotal time taken to upload(min) :0.0333\n, stderr: "}
{"level":"info","time":"2026-09-26T01:47:39.310+0530","caller":"storage/azure.go:122","msg":"File: mask-591f5005-3e81-401c-a505-f1e374c49451.yaml upload completed in 3.2801485s"}
{"level":"debug","time":"2026-09-26T01:47:39.311+0530","caller":"httpclient/client.go:45","msg":"[DEBUG] POST https://api-hyperexecute.lambdatest.com/dispatcher/api/dispatcher"}
{"level":"info","time":"2026-09-26T01:47:40.495+0530","caller":"dispatchermanager/setup.go:94","msg":"Dispatch attempt to https://api-hyperexecute.lambdatest.com/dispatcher returned status 200"}
{"level":"debug","time":"2026-09-26T01:47:41.573+0530","caller":"jobmanager/sse_setup.go:192","msg":"Task id: HYPW-2752721-1790367459471887144CNS"}
{"level":"debug","time":"2026-09-26T01:47:41.573+0530","caller":"jobmanager/sse_setup.go:193","msg":"Sending new task alert to stage manager for taskId: HYPW-2752721-1790367459471887144CNS"}
{"level":"debug","time":"2026-09-26T01:48:11.574+0530","caller":"events/manager.go:356","msg":"No new messages received from SSE for jobID: 591f5005-3e81-401c-a505-f1e374c49451. Fetching from APIs"}
{"level":"info","time":"2026-09-26T01:48:12.503+0530","caller":"jobmanager/sse_setup.go:86","msg":"\nJob 591f5005-3e81-401c-a505-f1e374c49451 has INITIATED"}
{"level":"info","time":"2026-09-26T01:48:12.504+0530","caller":"jobmanager/manager.go:136","msg":"Job Link: https://hyperexecute.lambdatest.com/hyperexecute/task?jobId=591f5005-3e81-401c-a505-f1e374c49451\n"}
{"level":"debug","time":"2026-09-26T01:48:25.749+0530","caller":"cmd/bin.go:356","msg":"main: received C-c - attempting graceful shutdown ...."}
{"level":"debug","time":"2026-09-26T01:48:25.754+0530","caller":"cmd/bin.go:357","msg":"Sending abort job signal to sentinel"}
{"level":"debug","time":"2026-09-26T01:48:25.754+0530","caller":"cmd/bin.go:363","msg":"Sending request to abort job"}
{"level":"debug","time":"2026-09-26T01:48:27.811+0530","caller":"cmd/bin.go:372","msg":"main: telling goroutines to stop"}
{"level":"info","time":"2026-09-26T01:48:27.811+0530","caller":"events/manager.go:338","msg":"context done and stopping SSE"}
{"level":"debug","time":"2026-09-26T01:48:27.825+0530","caller":"events/manager.go:256","msg":"Stopping event manager"}
{"level":"debug","time":"2026-09-26T01:49:05.247+0530","caller":"cmd/bin.go:138","msg":"cli os: windows, cli arch: amd64"}
{"level":"debug","time":"2026-09-26T01:49:05.247+0530","caller":"cmd/bin.go:139","msg":"Current binary version: 0.2.357, Environment: prod"}
{"level":"debug","time":"2026-09-26T01:49:06.160+0530","caller":"cmd/bin.go:148","msg":"Upstream version details: {Name:cli Min:0.2.265 Max:0.2.357} "}
{"level":"info","time":"2026-09-26T01:49:06.160+0530","caller":"cmd/bin.go:196","msg":"Generating TraceID for tracking request: 01M3D3HCZPCRMKQQ2PWZ8M94DC \n"}
{"level":"debug","time":"2026-09-26T01:49:09.856+0530","caller":"core/lifecycle.go:124","msg":"Setting environment"}
{"level":"debug","time":"2026-09-26T01:49:09.856+0530","caller":"core/lifecycle.go:127","msg":"Parsing config"}
{"level":"debug","time":"2026-09-26T01:49:09.856+0530","caller":"yamlconfigmanager/setup.go:746","msg":"Custom location for .hyperexecute.yaml specified. Using: hyperexecute.yaml"}
{"level":"debug","time":"2026-09-26T01:49:09.856+0530","caller":"yamlconfigmanager/setup.go:120","msg":"using hyperexecute config from : hyperexecute.yaml"}
{"level":"debug","time":"2026-09-26T01:49:09.857+0530","caller":"yamlconfigmanager/setup.go:2013","msg":"Environment variable not set against the variable - matrix.os mentioned in yaml"}
{"level":"debug","time":"2026-09-26T01:49:11.690+0530","caller":"yamlconfigmanager/setup.go:2250","msg":"Autodetecting test type in files of path : C:\\Users\\ROHIN\\Downloads\\playwright"}
{"level":"debug","time":"2026-09-26T01:49:11.691+0530","caller":"yamlconfigmanager/setup.go:2292","msg":"File in which test type is detected - C:\\Users\\ROHIN\\Downloads\\playwright/package.json"}
{"level":"debug","time":"2026-09-26T01:49:11.691+0530","caller":"yamlconfigmanager/setup.go:2293","msg":"Pre command in which test type is detected - npx playwright install"}
{"level":"debug","time":"2026-09-26T01:49:11.691+0530","caller":"yamlconfigmanager/setup.go:526","msg":"Automatic test type detected - playwright"}
{"level":"debug","time":"2026-09-26T01:49:12.612+0530","caller":"yamlconfigmanager/setup.go:1675","msg":"dynamic discovery redirect: flag off, keeping mode=dynamic"}
{"level":"debug","time":"2026-09-26T01:49:12.612+0530","caller":"yamlconfigmanager/setup.go:570","msg":"Tunnel: false"}
{"level":"info","time":"2026-09-26T01:49:12.612+0530","caller":"models/HypertestYamlConfig.go:993","msg":"\n\u001b[4m\u001b[1m\u001b[97mExecution Plan\u001b[0m\u001b[22m\u001b[24m"}
{"level":"info","time":"2026-09-26T01:49:12.612+0530","caller":"models/HypertestYamlConfig.go:796","msg":"Mode:    \u001b[36mmatrix\u001b[0m"}
{"level":"info","time":"2026-09-26T01:49:12.612+0530","caller":"models/HypertestYamlConfig.go:854","msg":"Runson:    \u001b[36m${matrix.os}\u001b[0m"}
{"level":"info","time":"2026-09-26T01:49:12.613+0530","caller":"models/HypertestYamlConfig.go:926","msg":"Report:    \u001b[36mdisabled\u001b[0m"}
{"level":"info","time":"2026-09-26T01:49:12.613+0530","caller":"models/HypertestYamlConfig.go:958","msg":"Cache Directories:"}
{"level":"info","time":"2026-09-26T01:49:12.613+0530","caller":"models/HypertestYamlConfig.go:960","msg":"    \u001b[36mnode_modules\u001b[0m"}
{"level":"info","time":"2026-09-26T01:49:12.613+0530","caller":"models/HypertestYamlConfig.go:1006","msg":""}
{"level":"debug","time":"2026-09-26T01:49:12.613+0530","caller":"filevalidator/setup.go:50","msg":"Warning: Checking data.json file in current directory, no dataJsonPath found in .hyperexecute.yaml"}
{"level":"debug","time":"2026-09-26T01:49:12.614+0530","caller":"filevalidator/setup.go:54","msg":"Warning: data.json file doesn't exist"}
{"level":"info","time":"2026-09-26T01:49:16.503+0530","caller":"core/lifecycle.go:318","msg":"\u001b[102m\u001b[1m\u001b[30mYou've consumed 4.67 % of your limit. Free trial mins left - 286.00\u001b[0m\u001b[22m\u001b[0m"}
{"level":"debug","time":"2026-09-26T01:49:16.504+0530","caller":"core/lifecycle.go:397","msg":"Job ID: 39de5fc0-9017-4cf3-947c-8b23b94440f8"}
{"level":"debug","time":"2026-09-26T01:49:16.504+0530","caller":"core/lifecycle.go:400","msg":"User - SwathyE, triggered job with ID 39de5fc0-9017-4cf3-947c-8b23b94440f8 from CLI"}
{"level":"debug","time":"2026-09-26T01:49:16.504+0530","caller":"core/lifecycle.go:403","msg":"User has provided playwright as test type for the job with ID 39de5fc0-9017-4cf3-947c-8b23b94440f8"}
{"level":"debug","time":"2026-09-26T01:49:16.507+0530","caller":"events/manager.go:97","msg":"Starting event manager"}
{"level":"debug","time":"2026-09-26T01:49:16.507+0530","caller":"events/manager.go:99","msg":"SSE enabled, getting SSE connection"}
{"level":"debug","time":"2026-09-26T01:49:16.511+0530","caller":"archivemanager/setup.go:341","msg":"digestMap: map[]"}
{"level":"debug","time":"2026-09-26T01:49:16.511+0530","caller":"archivemanager/setup.go:347","msg":"Creating archive of target directory: C:\\Users\\ROHIN\\Downloads\\playwright"}
{"level":"debug","time":"2026-09-26T01:49:16.522+0530","caller":"core/lifecycle.go:554","msg":"Zip file size: 7.48 kB"}
{"level":"debug","time":"2026-09-26T01:49:16.524+0530","caller":"core/lifecycle.go:564","msg":"Archive location: C:\\Users\\ROHIN\\Downloads\\playwright\\hyperexecute-code-39de5fc0-9017-4cf3-947c-8b23b94440f8.zip\n"}
{"level":"debug","time":"2026-09-26T01:49:16.525+0530","caller":"receptionmanager/setup.go:441","msg":"number of entries in runtimes: 0, switching to new yaml format"}
{"level":"debug","time":"2026-09-26T01:49:16.525+0530","caller":"receptionmanager/setup.go:470","msg":"number of entries in partialreports: 0, switching to new yaml format"}
{"level":"debug","time":"2026-09-26T01:49:16.525+0530","caller":"receptionmanager/setup.go:221","msg":"policy enforce: feature flag off, skipping enforcement"}
{"level":"debug","time":"2026-09-26T01:49:16.526+0530","caller":"receptionmanager/setup.go:355","msg":"Uploading yaml : C:\\Users\\ROHIN\\Downloads\\playwright\\.updatedhyperexecute.yaml"}
{"level":"debug","time":"2026-09-26T01:49:16.526+0530","caller":"storage/azure.go:59","msg":"Payload size: 3.63 kB, source path C:\\Users\\ROHIN\\Downloads\\playwright\\.updatedhyperexecute.yaml"}
{"level":"debug","time":"2026-09-26T01:49:18.069+0530","caller":"events/manager.go:288","msg":"connection to hyperexecute server established successfully."}
{"level":"debug","time":"2026-09-26T01:49:19.905+0530","caller":"storage/azure.go:83","msg":"Azcopy output: \n\r100.0 %, 1 Done, 0 Failed, 0 Pending, 0 Skipped, 1 Total, 2-sec Throughput (Mb/s): 0.0145\nTotal time taken to upload(min) :0.0333\n, stderr: "}
{"level":"info","time":"2026-09-26T01:49:19.906+0530","caller":"storage/azure.go:122","msg":"File: C:\\Users\\ROHIN\\Downloads\\playwright\\.updatedhyperexecute.yaml upload completed in 3.379453s"}
{"level":"debug","time":"2026-09-26T01:49:19.906+0530","caller":"storage/azure.go:59","msg":"Payload size: 7.48 kB, source path C:\\Users\\ROHIN\\Downloads\\playwright\\hyperexecute-code-39de5fc0-9017-4cf3-947c-8b23b94440f8.zip"}
{"level":"debug","time":"2026-09-26T01:49:23.054+0530","caller":"storage/azure.go:83","msg":"Azcopy output: \n\r100.0 %, 1 Done, 0 Failed, 0 Pending, 0 Skipped, 1 Total, 2-sec Throughput (Mb/s): 0.0299\nTotal time taken to upload(min) :0.0333\n, stderr: "}
{"level":"info","time":"2026-09-26T01:49:23.054+0530","caller":"storage/azure.go:122","msg":"File: C:\\Users\\ROHIN\\Downloads\\playwright\\hyperexecute-code-39de5fc0-9017-4cf3-947c-8b23b94440f8.zip upload completed in 3.148403s"}
{"level":"debug","time":"2026-09-26T01:49:23.055+0530","caller":"core/lifecycle.go:605","msg":"Successfully deleted code archive: C:\\Users\\ROHIN\\Downloads\\playwright\\hyperexecute-code-39de5fc0-9017-4cf3-947c-8b23b94440f8.zip\n"}
{"level":"debug","time":"2026-09-26T01:49:23.060+0530","caller":"storage/azure.go:59","msg":"Payload size: 318 B, source path mask-39de5fc0-9017-4cf3-947c-8b23b94440f8.yaml"}
{"level":"debug","time":"2026-09-26T01:49:26.250+0530","caller":"storage/azure.go:83","msg":"Azcopy output: \n\r100.0 %, 1 Done, 0 Failed, 0 Pending, 0 Skipped, 1 Total, 2-sec Throughput (Mb/s): 0.0013\nTotal time taken to upload(min) :0.0333\n, stderr: "}
{"level":"info","time":"2026-09-26T01:49:26.250+0530","caller":"storage/azure.go:122","msg":"File: mask-39de5fc0-9017-4cf3-947c-8b23b94440f8.yaml upload completed in 3.1902988s"}
{"level":"debug","time":"2026-09-26T01:49:26.251+0530","caller":"httpclient/client.go:45","msg":"[DEBUG] POST https://api-hyperexecute.lambdatest.com/dispatcher/api/dispatcher"}
{"level":"info","time":"2026-09-26T01:49:27.664+0530","caller":"dispatchermanager/setup.go:94","msg":"Dispatch attempt to https://api-hyperexecute.lambdatest.com/dispatcher returned status 200"}
{"level":"debug","time":"2026-09-26T01:49:28.675+0530","caller":"jobmanager/sse_setup.go:192","msg":"Task id: HYPW-2752721-1790367566574027254OCM"}
{"level":"debug","time":"2026-09-26T01:49:28.675+0530","caller":"jobmanager/sse_setup.go:193","msg":"Sending new task alert to stage manager for taskId: HYPW-2752721-1790367566574027254OCM"}
{"level":"debug","time":"2026-09-26T01:49:58.676+0530","caller":"events/manager.go:356","msg":"No new messages received from SSE for jobID: 39de5fc0-9017-4cf3-947c-8b23b94440f8. Fetching from APIs"}
{"level":"info","time":"2026-09-26T01:49:59.615+0530","caller":"jobmanager/sse_setup.go:86","msg":"\nJob 39de5fc0-9017-4cf3-947c-8b23b94440f8 has INITIATED"}
{"level":"info","time":"2026-09-26T01:49:59.615+0530","caller":"jobmanager/manager.go:136","msg":"Job Link: https://hyperexecute.lambdatest.com/hyperexecute/task?jobId=39de5fc0-9017-4cf3-947c-8b23b94440f8\n"}
{"level":"debug","time":"2026-09-26T01:50:30.538+0530","caller":"events/manager.go:356","msg":"No new messages received from SSE for jobID: 39de5fc0-9017-4cf3-947c-8b23b94440f8. Fetching from APIs"}
{"level":"info","time":"2026-09-26T01:50:51.766+0530","caller":"terminal/terminal.go:187","msg":"✔ [1]  cache-download (0s)\n"}
{"level":"info","time":"2026-09-26T01:51:06.178+0530","caller":"terminal/terminal.go:187","msg":"x [1]  pre (15s)\n"}
{"level":"debug","time":"2026-09-26T01:51:08.021+0530","caller":"jobmanager/sse_setup.go:134","msg":"\n\nJob status"}
{"level":"info","time":"2026-09-26T01:51:08.021+0530","caller":"core/lifecycle.go:708","msg":"taskId:HYPW-2752721-1790367566574027254OCM has failed with remark: Job failed at prerun step. Please check your Yaml configuration.\n"}
{"level":"info","time":"2026-09-26T01:51:08.859+0530","caller":"jobmanager/JobSummaryManager.go:54","msg":"\n FAILED \n"}
{"level":"info","time":"2026-09-26T01:51:08.859+0530","caller":"jobmanager/JobSummaryManager.go:113","msg":"    Test Execution Time:                  0s"}
{"level":"info","time":"2026-09-26T01:51:08.859+0530","caller":"jobmanager/JobSummaryManager.go:113","msg":"    Job Duration Time:                    16s"}
{"level":"info","time":"2026-09-26T01:51:08.859+0530","caller":"jobmanager/JobSummaryManager.go:113","msg":"    Total Tasks:                          1"}
{"level":"info","time":"2026-09-26T01:51:08.859+0530","caller":"jobmanager/JobSummaryManager.go:113","msg":"    Cumulative Time Consumed:             16s"}
{"level":"info","time":"2026-09-26T01:51:08.860+0530","caller":"jobmanager/JobSummaryManager.go:113","msg":"    Total Stages:                         1"}
{"level":"info","time":"2026-09-26T01:51:08.860+0530","caller":"jobmanager/JobSummaryManager.go:113","msg":"    Pass discovery stage percentage:      0.00%"}
{"level":"info","time":"2026-09-26T01:51:08.860+0530","caller":"jobmanager/JobSummaryManager.go:113","msg":"    Failed discovery stage percentage:    0.00%"}
{"level":"info","time":"2026-09-26T01:51:08.860+0530","caller":"jobmanager/JobSummaryManager.go:113","msg":"    Pass pre stage percentage:            0.00%"}
{"level":"info","time":"2026-09-26T01:51:08.860+0530","caller":"jobmanager/JobSummaryManager.go:113","msg":"    Failed pre stage percentage:          100.00%"}
{"level":"info","time":"2026-09-26T01:51:08.860+0530","caller":"jobmanager/JobSummaryManager.go:113","msg":"    Pass test stage percentage:           0.00%"}
{"level":"info","time":"2026-09-26T01:51:08.860+0530","caller":"jobmanager/JobSummaryManager.go:113","msg":"    Failed test stage percentage:         0.00%"}
{"level":"info","time":"2026-09-26T01:51:08.860+0530","caller":"jobmanager/JobSummaryManager.go:113","msg":"    Pass post stage percentage:           0.00%"}
{"level":"info","time":"2026-09-26T01:51:08.860+0530","caller":"jobmanager/JobSummaryManager.go:113","msg":"    Failed post stage percentage:         0.00%"}
{"level":"info","time":"2026-09-26T01:51:08.860+0530","caller":"jobmanager/JobSummaryManager.go:113","msg":"    Failed Tasks:                         1"}
{"level":"info","time":"2026-09-26T01:51:08.860+0530","caller":"jobmanager/JobSummaryManager.go:58","msg":""}
{"level":"debug","time":"2026-09-26T01:51:08.864+0530","caller":"core/lifecycle.go:821","msg":"Context canceled"}
{"level":"info","time":"2026-09-26T01:51:08.864+0530","caller":"events/manager.go:338","msg":"context done and stopping SSE"}
{"level":"debug","time":"2026-09-26T01:51:08.865+0530","caller":"events/manager.go:256","msg":"Stopping event manager"}
{"level":"info","time":"2026-09-26T01:51:08.864+0530","caller":"core/lifecycle.go:824","msg":"Stopping pipeline gracefully"}
{"level":"error","time":"2026-09-26T01:51:08.865+0530","caller":"core/lifecycle.go:827","msg":"2026-09-26T01:49:04+05:30    error    Exiting with error: Failed tasks found."}
{"level":"info","time":"2026-09-26T01:51:08.865+0530","caller":"jobmanager/manager.go:136","msg":"Job Link: https://hyperexecute.lambdatest.com/hyperexecute/task?jobId=39de5fc0-9017-4cf3-947c-8b23b94440f8\n"}
{"level":"debug","time":"2026-09-26T01:51:08.866+0530","caller":"core/lifecycle.go:76","msg":"Quit requested from main goroutine...."}
{"level":"debug","time":"2026-09-26T01:51:08.866+0530","caller":"core/lifecycle.go:77","msg":"Waiting for the goroutines to exit"}
{"level":"debug","time":"2026-09-26T01:51:08.866+0530","caller":"core/lifecycle.go:80","msg":"All lifecycle goroutines exited"}
{"level":"debug","time":"2026-09-26T01:51:08.866+0530","caller":"cmd/bin.go:387","msg":"Exiting application due to error Failed tasks found."}
{"level":"debug","time":"2026-09-26T01:51:45.098+0530","caller":"cmd/bin.go:138","msg":"cli os: windows, cli arch: amd64"}
{"level":"debug","time":"2026-09-26T01:51:45.099+0530","caller":"cmd/bin.go:139","msg":"Current binary version: 0.2.357, Environment: prod"}
{"level":"debug","time":"2026-09-26T01:51:45.914+0530","caller":"cmd/bin.go:148","msg":"Upstream version details: {Name:cli Min:0.2.265 Max:0.2.357} "}
{"level":"info","time":"2026-09-26T01:51:45.914+0530","caller":"cmd/bin.go:196","msg":"Generating TraceID for tracking request: 01M3D3P90NFFRTMWHWXAJV0XKD \n"}
{"level":"debug","time":"2026-09-26T01:51:49.369+0530","caller":"core/lifecycle.go:124","msg":"Setting environment"}
{"level":"debug","time":"2026-09-26T01:51:49.370+0530","caller":"core/lifecycle.go:127","msg":"Parsing config"}
{"level":"debug","time":"2026-09-26T01:51:49.371+0530","caller":"yamlconfigmanager/setup.go:746","msg":"Custom location for .hyperexecute.yaml specified. Using: hyperexecute.yaml"}
{"level":"debug","time":"2026-09-26T01:51:49.371+0530","caller":"yamlconfigmanager/setup.go:120","msg":"using hyperexecute config from : hyperexecute.yaml"}
{"level":"debug","time":"2026-09-26T01:51:49.371+0530","caller":"yamlconfigmanager/setup.go:2013","msg":"Environment variable not set against the variable - matrix.os mentioned in yaml"}
{"level":"debug","time":"2026-09-26T01:51:50.766+0530","caller":"yamlconfigmanager/setup.go:2250","msg":"Autodetecting test type in files of path : C:\\Users\\ROHIN\\Downloads\\playwright"}
{"level":"debug","time":"2026-09-26T01:51:50.766+0530","caller":"yamlconfigmanager/setup.go:2292","msg":"File in which test type is detected - C:\\Users\\ROHIN\\Downloads\\playwright/package.json"}
{"level":"debug","time":"2026-09-26T01:51:50.766+0530","caller":"yamlconfigmanager/setup.go:2293","msg":"Pre command in which test type is detected - npx playwright install"}
{"level":"debug","time":"2026-09-26T01:51:50.766+0530","caller":"yamlconfigmanager/setup.go:526","msg":"Automatic test type detected - playwright"}
{"level":"debug","time":"2026-09-26T01:51:51.438+0530","caller":"yamlconfigmanager/setup.go:1675","msg":"dynamic discovery redirect: flag off, keeping mode=dynamic"}
{"level":"debug","time":"2026-09-26T01:51:51.438+0530","caller":"yamlconfigmanager/setup.go:570","msg":"Tunnel: false"}
{"level":"info","time":"2026-09-26T01:51:51.438+0530","caller":"models/HypertestYamlConfig.go:993","msg":"\n\u001b[4m\u001b[1m\u001b[97mExecution Plan\u001b[0m\u001b[22m\u001b[24m"}
{"level":"info","time":"2026-09-26T01:51:51.440+0530","caller":"models/HypertestYamlConfig.go:796","msg":"Mode:    \u001b[36mmatrix\u001b[0m"}
{"level":"info","time":"2026-09-26T01:51:51.441+0530","caller":"models/HypertestYamlConfig.go:854","msg":"Runson:    \u001b[36m${matrix.os}\u001b[0m"}
{"level":"info","time":"2026-09-26T01:51:51.441+0530","caller":"models/HypertestYamlConfig.go:926","msg":"Report:    \u001b[36mdisabled\u001b[0m"}
{"level":"info","time":"2026-09-26T01:51:51.442+0530","caller":"models/HypertestYamlConfig.go:958","msg":"Cache Directories:"}
{"level":"info","time":"2026-09-26T01:51:51.442+0530","caller":"models/HypertestYamlConfig.go:960","msg":"    \u001b[36mnode_modules\u001b[0m"}
{"level":"info","time":"2026-09-26T01:51:51.442+0530","caller":"models/HypertestYamlConfig.go:1006","msg":""}
{"level":"debug","time":"2026-09-26T01:51:51.442+0530","caller":"filevalidator/setup.go:50","msg":"Warning: Checking data.json file in current directory, no dataJsonPath found in .hyperexecute.yaml"}
{"level":"debug","time":"2026-09-26T01:51:51.442+0530","caller":"filevalidator/setup.go:54","msg":"Warning: data.json file doesn't exist"}
{"level":"info","time":"2026-09-26T01:51:55.640+0530","caller":"core/lifecycle.go:318","msg":"\u001b[102m\u001b[1m\u001b[30mYou've consumed 4.67 % of your limit. Free trial mins left - 286.00\u001b[0m\u001b[22m\u001b[0m"}
{"level":"debug","time":"2026-09-26T01:51:55.640+0530","caller":"core/lifecycle.go:397","msg":"Job ID: b9add17f-9c0d-40f2-9526-a1d34a3c1252"}
{"level":"debug","time":"2026-09-26T01:51:55.640+0530","caller":"core/lifecycle.go:400","msg":"User - SwathyE, triggered job with ID b9add17f-9c0d-40f2-9526-a1d34a3c1252 from CLI"}
{"level":"debug","time":"2026-09-26T01:51:55.640+0530","caller":"core/lifecycle.go:403","msg":"User has provided playwright as test type for the job with ID b9add17f-9c0d-40f2-9526-a1d34a3c1252"}
{"level":"debug","time":"2026-09-26T01:51:55.642+0530","caller":"events/manager.go:97","msg":"Starting event manager"}
{"level":"debug","time":"2026-09-26T01:51:55.642+0530","caller":"events/manager.go:99","msg":"SSE enabled, getting SSE connection"}
{"level":"debug","time":"2026-09-26T01:51:55.642+0530","caller":"archivemanager/setup.go:341","msg":"digestMap: map[]"}
{"level":"debug","time":"2026-09-26T01:51:55.642+0530","caller":"archivemanager/setup.go:347","msg":"Creating archive of target directory: C:\\Users\\ROHIN\\Downloads\\playwright"}
{"level":"debug","time":"2026-09-26T01:51:55.654+0530","caller":"core/lifecycle.go:554","msg":"Zip file size: 7.47 kB"}
{"level":"debug","time":"2026-09-26T01:51:55.654+0530","caller":"core/lifecycle.go:564","msg":"Archive location: C:\\Users\\ROHIN\\Downloads\\playwright\\hyperexecute-code-b9add17f-9c0d-40f2-9526-a1d34a3c1252.zip\n"}
{"level":"debug","time":"2026-09-26T01:51:55.655+0530","caller":"receptionmanager/setup.go:441","msg":"number of entries in runtimes: 0, switching to new yaml format"}
{"level":"debug","time":"2026-09-26T01:51:55.655+0530","caller":"receptionmanager/setup.go:470","msg":"number of entries in partialreports: 0, switching to new yaml format"}
{"level":"debug","time":"2026-09-26T01:51:55.655+0530","caller":"receptionmanager/setup.go:221","msg":"policy enforce: feature flag off, skipping enforcement"}
{"level":"debug","time":"2026-09-26T01:51:55.657+0530","caller":"receptionmanager/setup.go:355","msg":"Uploading yaml : C:\\Users\\ROHIN\\Downloads\\playwright\\.updatedhyperexecute.yaml"}
{"level":"debug","time":"2026-09-26T01:51:55.657+0530","caller":"storage/azure.go:59","msg":"Payload size: 3.63 kB, source path C:\\Users\\ROHIN\\Downloads\\playwright\\.updatedhyperexecute.yaml"}
{"level":"debug","time":"2026-09-26T01:51:57.162+0530","caller":"events/manager.go:288","msg":"connection to hyperexecute server established successfully."}
{"level":"debug","time":"2026-09-26T01:51:59.072+0530","caller":"storage/azure.go:83","msg":"Azcopy output: \n\r100.0 %, 1 Done, 0 Failed, 0 Pending, 0 Skipped, 1 Total, 2-sec Throughput (Mb/s): 0.0145\nTotal time taken to upload(min) :0.0333\n, stderr: "}
{"level":"info","time":"2026-09-26T01:51:59.072+0530","caller":"storage/azure.go:122","msg":"File: C:\\Users\\ROHIN\\Downloads\\playwright\\.updatedhyperexecute.yaml upload completed in 3.4158507s"}
{"level":"debug","time":"2026-09-26T01:51:59.073+0530","caller":"storage/azure.go:59","msg":"Payload size: 7.47 kB, source path C:\\Users\\ROHIN\\Downloads\\playwright\\hyperexecute-code-b9add17f-9c0d-40f2-9526-a1d34a3c1252.zip"}
{"level":"debug","time":"2026-09-26T01:52:02.516+0530","caller":"storage/azure.go:83","msg":"Azcopy output: \n\r100.0 %, 1 Done, 0 Failed, 0 Pending, 0 Skipped, 1 Total, 2-sec Throughput (Mb/s): 0.0299\nTotal time taken to upload(min) :0.0333\n, stderr: "}
{"level":"info","time":"2026-09-26T01:52:02.516+0530","caller":"storage/azure.go:122","msg":"File: C:\\Users\\ROHIN\\Downloads\\playwright\\hyperexecute-code-b9add17f-9c0d-40f2-9526-a1d34a3c1252.zip upload completed in 3.4429619s"}
{"level":"debug","time":"2026-09-26T01:52:02.517+0530","caller":"core/lifecycle.go:605","msg":"Successfully deleted code archive: C:\\Users\\ROHIN\\Downloads\\playwright\\hyperexecute-code-b9add17f-9c0d-40f2-9526-a1d34a3c1252.zip\n"}
{"level":"debug","time":"2026-09-26T01:52:02.519+0530","caller":"storage/azure.go:59","msg":"Payload size: 319 B, source path mask-b9add17f-9c0d-40f2-9526-a1d34a3c1252.yaml"}
{"level":"debug","time":"2026-09-26T01:52:05.746+0530","caller":"storage/azure.go:83","msg":"Azcopy output: \n\r100.0 %, 1 Done, 0 Failed, 0 Pending, 0 Skipped, 1 Total, 2-sec Throughput (Mb/s): 0.0013\nTotal time taken to upload(min) :0.0333\n, stderr: "}
{"level":"info","time":"2026-09-26T01:52:05.746+0530","caller":"storage/azure.go:122","msg":"File: mask-b9add17f-9c0d-40f2-9526-a1d34a3c1252.yaml upload completed in 3.2275502s"}
{"level":"debug","time":"2026-09-26T01:52:05.747+0530","caller":"httpclient/client.go:45","msg":"[DEBUG] POST https://api-hyperexecute.lambdatest.com/dispatcher/api/dispatcher"}
{"level":"info","time":"2026-09-26T01:52:06.970+0530","caller":"dispatchermanager/setup.go:94","msg":"Dispatch attempt to https://api-hyperexecute.lambdatest.com/dispatcher returned status 200"}
{"level":"debug","time":"2026-09-26T01:52:08.002+0530","caller":"jobmanager/sse_setup.go:192","msg":"Task id: HYPW-2752721-1790367725883229901JHZ"}
{"level":"debug","time":"2026-09-26T01:52:08.002+0530","caller":"jobmanager/sse_setup.go:193","msg":"Sending new task alert to stage manager for taskId: HYPW-2752721-1790367725883229901JHZ"}
{"level":"info","time":"2026-09-26T01:52:10.009+0530","caller":"terminal/terminal.go:187","msg":"✔ [1]  cache-download (1s)\n"}
{"level":"info","time":"2026-09-26T01:52:10.393+0530","caller":"jobmanager/sse_setup.go:84","msg":"\nJob b9add17f-9c0d-40f2-9526-a1d34a3c1252 has started RUNNING"}
{"level":"info","time":"2026-09-26T01:52:10.393+0530","caller":"jobmanager/manager.go:136","msg":"Job Link: https://hyperexecute.lambdatest.com/hyperexecute/task?jobId=b9add17f-9c0d-40f2-9526-a1d34a3c1252\n"}
{"level":"info","time":"2026-09-26T01:52:18.917+0530","caller":"terminal/terminal.go:187","msg":"x [1]  pre (9s)\n"}
{"level":"debug","time":"2026-09-26T01:52:20.997+0530","caller":"jobmanager/sse_setup.go:134","msg":"\n\nJob status"}
{"level":"info","time":"2026-09-26T01:52:20.997+0530","caller":"core/lifecycle.go:708","msg":"taskId:HYPW-2752721-1790367725883229901JHZ has failed with remark: Job failed at prerun step. Please check your Yaml configuration.\n"}
{"level":"info","time":"2026-09-26T01:52:21.787+0530","caller":"jobmanager/JobSummaryManager.go:54","msg":"\n FAILED \n"}
{"level":"info","time":"2026-09-26T01:52:21.788+0530","caller":"jobmanager/JobSummaryManager.go:113","msg":"    Test Execution Time:                  0s"}
{"level":"info","time":"2026-09-26T01:52:21.788+0530","caller":"jobmanager/JobSummaryManager.go:113","msg":"    Job Duration Time:                    10s"}
{"level":"info","time":"2026-09-26T01:52:21.788+0530","caller":"jobmanager/JobSummaryManager.go:113","msg":"    Total Tasks:                          1"}
{"level":"info","time":"2026-09-26T01:52:21.788+0530","caller":"jobmanager/JobSummaryManager.go:113","msg":"    Cumulative Time Consumed:             10s"}
{"level":"info","time":"2026-09-26T01:52:21.788+0530","caller":"jobmanager/JobSummaryManager.go:113","msg":"    Total Stages:                         1"}
{"level":"info","time":"2026-09-26T01:52:21.789+0530","caller":"jobmanager/JobSummaryManager.go:113","msg":"    Pass discovery stage percentage:      0.00%"}
{"level":"info","time":"2026-09-26T01:52:21.789+0530","caller":"jobmanager/JobSummaryManager.go:113","msg":"    Failed discovery stage percentage:    0.00%"}
{"level":"info","time":"2026-09-26T01:52:21.789+0530","caller":"jobmanager/JobSummaryManager.go:113","msg":"    Pass pre stage percentage:            0.00%"}
{"level":"info","time":"2026-09-26T01:52:21.789+0530","caller":"jobmanager/JobSummaryManager.go:113","msg":"    Failed pre stage percentage:          100.00%"}
{"level":"info","time":"2026-09-26T01:52:21.789+0530","caller":"jobmanager/JobSummaryManager.go:113","msg":"    Pass test stage percentage:           0.00%"}
{"level":"info","time":"2026-09-26T01:52:21.789+0530","caller":"jobmanager/JobSummaryManager.go:113","msg":"    Failed test stage percentage:         0.00%"}
{"level":"info","time":"2026-09-26T01:52:21.789+0530","caller":"jobmanager/JobSummaryManager.go:113","msg":"    Pass post stage percentage:           0.00%"}
{"level":"info","time":"2026-09-26T01:52:21.789+0530","caller":"jobmanager/JobSummaryManager.go:113","msg":"    Failed post stage percentage:         0.00%"}
{"level":"info","time":"2026-09-26T01:52:21.790+0530","caller":"jobmanager/JobSummaryManager.go:113","msg":"    Failed Tasks:                         1"}
{"level":"info","time":"2026-09-26T01:52:21.790+0530","caller":"jobmanager/JobSummaryManager.go:58","msg":""}
{"level":"debug","time":"2026-09-26T01:52:21.792+0530","caller":"core/lifecycle.go:821","msg":"Context canceled"}
{"level":"info","time":"2026-09-26T01:52:21.792+0530","caller":"core/lifecycle.go:824","msg":"Stopping pipeline gracefully"}
{"level":"error","time":"2026-09-26T01:52:21.793+0530","caller":"core/lifecycle.go:827","msg":"2026-09-26T01:51:44+05:30    error    Exiting with error: Failed tasks found."}
{"level":"info","time":"2026-09-26T01:52:21.792+0530","caller":"events/manager.go:338","msg":"context done and stopping SSE"}
{"level":"debug","time":"2026-09-26T01:52:21.794+0530","caller":"events/manager.go:256","msg":"Stopping event manager"}
{"level":"info","time":"2026-09-26T01:52:21.794+0530","caller":"jobmanager/manager.go:136","msg":"Job Link: https://hyperexecute.lambdatest.com/hyperexecute/task?jobId=b9add17f-9c0d-40f2-9526-a1d34a3c1252\n"}
{"level":"debug","time":"2026-09-26T01:52:21.794+0530","caller":"core/lifecycle.go:76","msg":"Quit requested from main goroutine...."}
{"level":"debug","time":"2026-09-26T01:52:21.794+0530","caller":"core/lifecycle.go:77","msg":"Waiting for the goroutines to exit"}
{"level":"debug","time":"2026-09-26T01:52:21.794+0530","caller":"core/lifecycle.go:80","msg":"All lifecycle goroutines exited"}
{"level":"debug","time":"2026-09-26T01:52:21.794+0530","caller":"cmd/bin.go:348","msg":"main: all goroutines have finished."}
{"level":"debug","time":"2026-09-26T01:52:21.794+0530","caller":"cmd/bin.go:387","msg":"Exiting application due to error Failed tasks found."}
{"level":"debug","time":"2026-09-26T01:53:01.699+0530","caller":"cmd/bin.go:138","msg":"cli os: windows, cli arch: amd64"}
{"level":"debug","time":"2026-09-26T01:53:01.699+0530","caller":"cmd/bin.go:139","msg":"Current binary version: 0.2.357, Environment: prod"}
{"level":"debug","time":"2026-09-26T01:53:02.613+0530","caller":"cmd/bin.go:148","msg":"Upstream version details: {Name:cli Min:0.2.265 Max:0.2.357} "}
{"level":"info","time":"2026-09-26T01:53:02.613+0530","caller":"cmd/bin.go:196","msg":"Generating TraceID for tracking request: 01M3D3RKTKF806Q65EY96KBJAS \n"}
{"level":"debug","time":"2026-09-26T01:53:06.246+0530","caller":"core/lifecycle.go:124","msg":"Setting environment"}
{"level":"debug","time":"2026-09-26T01:53:06.248+0530","caller":"core/lifecycle.go:127","msg":"Parsing config"}
{"level":"debug","time":"2026-09-26T01:53:06.248+0530","caller":"yamlconfigmanager/setup.go:746","msg":"Custom location for .hyperexecute.yaml specified. Using: hyperexecute.yaml"}
{"level":"debug","time":"2026-09-26T01:53:06.248+0530","caller":"yamlconfigmanager/setup.go:120","msg":"using hyperexecute config from : hyperexecute.yaml"}
{"level":"debug","time":"2026-09-26T01:53:06.249+0530","caller":"yamlconfigmanager/setup.go:2013","msg":"Environment variable not set against the variable - matrix.os mentioned in yaml"}
{"level":"debug","time":"2026-09-26T01:53:07.684+0530","caller":"yamlconfigmanager/setup.go:2250","msg":"Autodetecting test type in files of path : C:\\Users\\ROHIN\\Downloads\\playwright"}
{"level":"debug","time":"2026-09-26T01:53:07.686+0530","caller":"yamlconfigmanager/setup.go:2292","msg":"File in which test type is detected - C:\\Users\\ROHIN\\Downloads\\playwright/package.json"}
{"level":"debug","time":"2026-09-26T01:53:07.686+0530","caller":"yamlconfigmanager/setup.go:2293","msg":"Pre command in which test type is detected - "}
{"level":"debug","time":"2026-09-26T01:53:07.686+0530","caller":"yamlconfigmanager/setup.go:526","msg":"Automatic test type detected - playwright"}
{"level":"debug","time":"2026-09-26T01:53:08.450+0530","caller":"yamlconfigmanager/setup.go:1675","msg":"dynamic discovery redirect: flag off, keeping mode=dynamic"}
{"level":"debug","time":"2026-09-26T01:53:08.450+0530","caller":"yamlconfigmanager/setup.go:570","msg":"Tunnel: false"}
{"level":"info","time":"2026-09-26T01:53:08.450+0530","caller":"models/HypertestYamlConfig.go:993","msg":"\n\u001b[4m\u001b[1m\u001b[97mExecution Plan\u001b[0m\u001b[22m\u001b[24m"}
{"level":"info","time":"2026-09-26T01:53:08.450+0530","caller":"models/HypertestYamlConfig.go:796","msg":"Mode:    \u001b[36mmatrix\u001b[0m"}
{"level":"info","time":"2026-09-26T01:53:08.450+0530","caller":"models/HypertestYamlConfig.go:854","msg":"Runson:    \u001b[36m${matrix.os}\u001b[0m"}
{"level":"info","time":"2026-09-26T01:53:08.451+0530","caller":"models/HypertestYamlConfig.go:926","msg":"Report:    \u001b[36mdisabled\u001b[0m"}
{"level":"info","time":"2026-09-26T01:53:08.451+0530","caller":"models/HypertestYamlConfig.go:958","msg":"Cache Directories:"}
{"level":"info","time":"2026-09-26T01:53:08.451+0530","caller":"models/HypertestYamlConfig.go:960","msg":"    \u001b[36mnode_modules\u001b[0m"}
{"level":"info","time":"2026-09-26T01:53:08.451+0530","caller":"models/HypertestYamlConfig.go:1006","msg":""}
{"level":"debug","time":"2026-09-26T01:53:08.451+0530","caller":"filevalidator/setup.go:50","msg":"Warning: Checking data.json file in current directory, no dataJsonPath found in .hyperexecute.yaml"}
{"level":"debug","time":"2026-09-26T01:53:08.452+0530","caller":"filevalidator/setup.go:54","msg":"Warning: data.json file doesn't exist"}
{"level":"info","time":"2026-09-26T01:53:12.444+0530","caller":"core/lifecycle.go:318","msg":"\u001b[102m\u001b[1m\u001b[30mYou've consumed 4.67 % of your limit. Free trial mins left - 286.00\u001b[0m\u001b[22m\u001b[0m"}
{"level":"debug","time":"2026-09-26T01:53:12.444+0530","caller":"core/lifecycle.go:397","msg":"Job ID: feb96b11-19ac-49ad-b80a-b046a6d55221"}
{"level":"debug","time":"2026-09-26T01:53:12.444+0530","caller":"core/lifecycle.go:400","msg":"User - SwathyE, triggered job with ID feb96b11-19ac-49ad-b80a-b046a6d55221 from CLI"}
{"level":"debug","time":"2026-09-26T01:53:12.444+0530","caller":"core/lifecycle.go:403","msg":"User has provided playwright as test type for the job with ID feb96b11-19ac-49ad-b80a-b046a6d55221"}
{"level":"debug","time":"2026-09-26T01:53:12.446+0530","caller":"events/manager.go:97","msg":"Starting event manager"}
{"level":"debug","time":"2026-09-26T01:53:12.446+0530","caller":"events/manager.go:99","msg":"SSE enabled, getting SSE connection"}
{"level":"debug","time":"2026-09-26T01:53:12.446+0530","caller":"archivemanager/setup.go:341","msg":"digestMap: map[]"}
{"level":"debug","time":"2026-09-26T01:53:12.446+0530","caller":"archivemanager/setup.go:347","msg":"Creating archive of target directory: C:\\Users\\ROHIN\\Downloads\\playwright"}
{"level":"debug","time":"2026-09-26T01:53:12.457+0530","caller":"core/lifecycle.go:554","msg":"Zip file size: 7.45 kB"}
{"level":"debug","time":"2026-09-26T01:53:12.458+0530","caller":"core/lifecycle.go:564","msg":"Archive location: C:\\Users\\ROHIN\\Downloads\\playwright\\hyperexecute-code-feb96b11-19ac-49ad-b80a-b046a6d55221.zip\n"}
{"level":"debug","time":"2026-09-26T01:53:12.459+0530","caller":"receptionmanager/setup.go:441","msg":"number of entries in runtimes: 0, switching to new yaml format"}
{"level":"debug","time":"2026-09-26T01:53:12.459+0530","caller":"receptionmanager/setup.go:470","msg":"number of entries in partialreports: 0, switching to new yaml format"}
{"level":"debug","time":"2026-09-26T01:53:12.459+0530","caller":"receptionmanager/setup.go:221","msg":"policy enforce: feature flag off, skipping enforcement"}
{"level":"debug","time":"2026-09-26T01:53:12.461+0530","caller":"receptionmanager/setup.go:355","msg":"Uploading yaml : C:\\Users\\ROHIN\\Downloads\\playwright\\.updatedhyperexecute.yaml"}
{"level":"debug","time":"2026-09-26T01:53:12.461+0530","caller":"storage/azure.go:59","msg":"Payload size: 3.59 kB, source path C:\\Users\\ROHIN\\Downloads\\playwright\\.updatedhyperexecute.yaml"}
{"level":"debug","time":"2026-09-26T01:53:13.733+0530","caller":"events/manager.go:288","msg":"connection to hyperexecute server established successfully."}
{"level":"debug","time":"2026-09-26T01:53:15.805+0530","caller":"storage/azure.go:83","msg":"Azcopy output: \n\r100.0 %, 1 Done, 0 Failed, 0 Pending, 0 Skipped, 1 Total, 2-sec Throughput (Mb/s): 0.0144\nTotal time taken to upload(min) :0.0333\n, stderr: "}
{"level":"info","time":"2026-09-26T01:53:15.805+0530","caller":"storage/azure.go:122","msg":"File: C:\\Users\\ROHIN\\Downloads\\playwright\\.updatedhyperexecute.yaml upload completed in 3.3438039s"}
{"level":"debug","time":"2026-09-26T01:53:15.805+0530","caller":"storage/azure.go:59","msg":"Payload size: 7.45 kB, source path C:\\Users\\ROHIN\\Downloads\\playwright\\hyperexecute-code-feb96b11-19ac-49ad-b80a-b046a6d55221.zip"}
{"level":"debug","time":"2026-09-26T01:53:18.898+0530","caller":"storage/azure.go:83","msg":"Azcopy output: \n\r100.0 %, 1 Done, 0 Failed, 0 Pending, 0 Skipped, 1 Total, 2-sec Throughput (Mb/s): 0.0298\nTotal time taken to upload(min) :0.0333\n, stderr: "}
{"level":"info","time":"2026-09-26T01:53:18.899+0530","caller":"storage/azure.go:122","msg":"File: C:\\Users\\ROHIN\\Downloads\\playwright\\hyperexecute-code-feb96b11-19ac-49ad-b80a-b046a6d55221.zip upload completed in 3.0933302s"}
{"level":"debug","time":"2026-09-26T01:53:18.900+0530","caller":"core/lifecycle.go:605","msg":"Successfully deleted code archive: C:\\Users\\ROHIN\\Downloads\\playwright\\hyperexecute-code-feb96b11-19ac-49ad-b80a-b046a6d55221.zip\n"}
{"level":"debug","time":"2026-09-26T01:53:18.901+0530","caller":"storage/azure.go:59","msg":"Payload size: 296 B, source path mask-feb96b11-19ac-49ad-b80a-b046a6d55221.yaml"}
{"level":"debug","time":"2026-09-26T01:53:22.054+0530","caller":"storage/azure.go:83","msg":"Azcopy output: \n\r100.0 %, 1 Done, 0 Failed, 0 Pending, 0 Skipped, 1 Total, 2-sec Throughput (Mb/s): 0.0012\nTotal time taken to upload(min) :0.0333\n, stderr: "}
{"level":"info","time":"2026-09-26T01:53:22.055+0530","caller":"storage/azure.go:122","msg":"File: mask-feb96b11-19ac-49ad-b80a-b046a6d55221.yaml upload completed in 3.1536935s"}
{"level":"debug","time":"2026-09-26T01:53:22.056+0530","caller":"httpclient/client.go:45","msg":"[DEBUG] POST https://api-hyperexecute.lambdatest.com/dispatcher/api/dispatcher"}
{"level":"info","time":"2026-09-26T01:53:23.256+0530","caller":"dispatchermanager/setup.go:94","msg":"Dispatch attempt to https://api-hyperexecute.lambdatest.com/dispatcher returned status 200"}
{"level":"debug","time":"2026-09-26T01:53:24.214+0530","caller":"jobmanager/sse_setup.go:192","msg":"Task id: HYPW-2752721-1790367802182281695TSO"}
{"level":"debug","time":"2026-09-26T01:53:24.216+0530","caller":"jobmanager/sse_setup.go:193","msg":"Sending new task alert to stage manager for taskId: HYPW-2752721-1790367802182281695TSO"}
{"level":"info","time":"2026-09-26T01:53:26.371+0530","caller":"terminal/terminal.go:187","msg":"✔ [1]  cache-download (0s)\n"}
{"level":"info","time":"2026-09-26T01:53:26.880+0530","caller":"jobmanager/sse_setup.go:84","msg":"\nJob feb96b11-19ac-49ad-b80a-b046a6d55221 has started RUNNING"}
{"level":"info","time":"2026-09-26T01:53:26.881+0530","caller":"jobmanager/manager.go:136","msg":"Job Link: https://hyperexecute.lambdatest.com/hyperexecute/task?jobId=feb96b11-19ac-49ad-b80a-b046a6d55221\n"}
{"level":"info","time":"2026-09-26T01:53:32.722+0530","caller":"terminal/terminal.go:187","msg":"✔ [1]  pre (7s)\n"}
{"level":"info","time":"2026-09-26T01:53:45.545+0530","caller":"terminal/terminal.go:187","msg":"x [1]  npx playwright test tests/test1 (4s)\n"}
{"level":"debug","time":"2026-09-26T01:53:47.801+0530","caller":"jobmanager/sse_setup.go:134","msg":"\n\nJob status"}
{"level":"info","time":"2026-09-26T01:53:47.802+0530","caller":"core/lifecycle.go:708","msg":"taskId:HYPW-2752721-1790367802182281695TSO has failed with remark: Job failed as encountered a Test level failure\n"}
{"level":"info","time":"2026-09-26T01:53:48.463+0530","caller":"jobmanager/JobSummaryManager.go:54","msg":"\n FAILED \n"}
{"level":"info","time":"2026-09-26T01:53:48.463+0530","caller":"jobmanager/JobSummaryManager.go:113","msg":"    Test Execution Time:                  3s"}
{"level":"info","time":"2026-09-26T01:53:48.463+0530","caller":"jobmanager/JobSummaryManager.go:113","msg":"    Job Duration Time:                    21s"}
{"level":"info","time":"2026-09-26T01:53:48.463+0530","caller":"jobmanager/JobSummaryManager.go:113","msg":"    Total Tasks:                          1"}
{"level":"info","time":"2026-09-26T01:53:48.463+0530","caller":"jobmanager/JobSummaryManager.go:113","msg":"    Cumulative Time Consumed:             21s"}
{"level":"info","time":"2026-09-26T01:53:48.463+0530","caller":"jobmanager/JobSummaryManager.go:113","msg":"    Total Stages:                         2"}
{"level":"info","time":"2026-09-26T01:53:48.463+0530","caller":"jobmanager/JobSummaryManager.go:113","msg":"    Pass discovery stage percentage:      0.00%"}
{"level":"info","time":"2026-09-26T01:53:48.463+0530","caller":"jobmanager/JobSummaryManager.go:113","msg":"    Failed discovery stage percentage:    0.00%"}
{"level":"info","time":"2026-09-26T01:53:48.463+0530","caller":"jobmanager/JobSummaryManager.go:113","msg":"    Pass pre stage percentage:            100.00%"}
{"level":"info","time":"2026-09-26T01:53:48.463+0530","caller":"jobmanager/JobSummaryManager.go:113","msg":"    Failed pre stage percentage:          0.00%"}
{"level":"info","time":"2026-09-26T01:53:48.464+0530","caller":"jobmanager/JobSummaryManager.go:113","msg":"    Pass test stage percentage:           0.00%"}
{"level":"info","time":"2026-09-26T01:53:48.464+0530","caller":"jobmanager/JobSummaryManager.go:113","msg":"    Failed test stage percentage:         100.00%"}
{"level":"info","time":"2026-09-26T01:53:48.464+0530","caller":"jobmanager/JobSummaryManager.go:113","msg":"    Pass post stage percentage:           0.00%"}
{"level":"info","time":"2026-09-26T01:53:48.464+0530","caller":"jobmanager/JobSummaryManager.go:113","msg":"    Failed post stage percentage:         0.00%"}
{"level":"info","time":"2026-09-26T01:53:48.464+0530","caller":"jobmanager/JobSummaryManager.go:113","msg":"    Failed Tasks:                         1"}
{"level":"info","time":"2026-09-26T01:53:48.464+0530","caller":"jobmanager/JobSummaryManager.go:58","msg":""}
{"level":"debug","time":"2026-09-26T01:53:48.466+0530","caller":"core/lifecycle.go:821","msg":"Context canceled"}
{"level":"info","time":"2026-09-26T01:53:48.466+0530","caller":"core/lifecycle.go:824","msg":"Stopping pipeline gracefully"}
{"level":"info","time":"2026-09-26T01:53:48.466+0530","caller":"events/manager.go:338","msg":"context done and stopping SSE"}
{"level":"debug","time":"2026-09-26T01:53:48.468+0530","caller":"events/manager.go:256","msg":"Stopping event manager"}
{"level":"error","time":"2026-09-26T01:53:48.468+0530","caller":"core/lifecycle.go:827","msg":"2026-09-26T01:53:00+05:30    error    Exiting with error: Failed tasks found."}
{"level":"info","time":"2026-09-26T01:53:48.468+0530","caller":"jobmanager/manager.go:136","msg":"Job Link: https://hyperexecute.lambdatest.com/hyperexecute/task?jobId=feb96b11-19ac-49ad-b80a-b046a6d55221\n"}
{"level":"debug","time":"2026-09-26T01:53:48.468+0530","caller":"core/lifecycle.go:76","msg":"Quit requested from main goroutine...."}
{"level":"debug","time":"2026-09-26T01:53:48.468+0530","caller":"core/lifecycle.go:77","msg":"Waiting for the goroutines to exit"}
{"level":"debug","time":"2026-09-26T01:53:48.468+0530","caller":"core/lifecycle.go:80","msg":"All lifecycle goroutines exited"}
{"level":"debug","time":"2026-09-26T01:53:48.468+0530","caller":"cmd/bin.go:348","msg":"main: all goroutines have finished."}
{"level":"debug","time":"2026-09-26T01:53:48.468+0530","caller":"cmd/bin.go:387","msg":"Exiting application due to error Failed tasks found."}
{"level":"debug","time":"2026-09-26T01:56:13.770+0530","caller":"cmd/bin.go:138","msg":"cli os: windows, cli arch: amd64"}
{"level":"debug","time":"2026-09-26T01:56:13.770+0530","caller":"cmd/bin.go:139","msg":"Current binary version: 0.2.357, Environment: prod"}
{"level":"debug","time":"2026-09-26T01:56:14.620+0530","caller":"cmd/bin.go:148","msg":"Upstream version details: {Name:cli Min:0.2.265 Max:0.2.357} "}
{"level":"info","time":"2026-09-26T01:56:14.621+0530","caller":"cmd/bin.go:196","msg":"Generating TraceID for tracking request: 01M3D3YFFDWABXQ305X51K4XMT \n"}
{"level":"debug","time":"2026-09-26T01:56:17.958+0530","caller":"core/lifecycle.go:124","msg":"Setting environment"}
{"level":"debug","time":"2026-09-26T01:56:17.958+0530","caller":"core/lifecycle.go:127","msg":"Parsing config"}
{"level":"debug","time":"2026-09-26T01:56:17.958+0530","caller":"yamlconfigmanager/setup.go:746","msg":"Custom location for .hyperexecute.yaml specified. Using: hyperexecute.yaml"}
{"level":"debug","time":"2026-09-26T01:56:17.958+0530","caller":"yamlconfigmanager/setup.go:120","msg":"using hyperexecute config from : hyperexecute.yaml"}
{"level":"debug","time":"2026-09-26T01:56:17.959+0530","caller":"yamlconfigmanager/setup.go:2013","msg":"Environment variable not set against the variable - matrix.os mentioned in yaml"}
{"level":"debug","time":"2026-09-26T01:56:19.340+0530","caller":"yamlconfigmanager/setup.go:2250","msg":"Autodetecting test type in files of path : C:\\Users\\ROHIN\\Downloads\\playwright"}
{"level":"debug","time":"2026-09-26T01:56:19.341+0530","caller":"yamlconfigmanager/setup.go:2292","msg":"File in which test type is detected - C:\\Users\\ROHIN\\Downloads\\playwright/package.json"}
{"level":"debug","time":"2026-09-26T01:56:19.341+0530","caller":"yamlconfigmanager/setup.go:2293","msg":"Pre command in which test type is detected - npm exec playwright -- --version"}
{"level":"debug","time":"2026-09-26T01:56:19.341+0530","caller":"yamlconfigmanager/setup.go:526","msg":"Automatic test type detected - playwright"}
{"level":"debug","time":"2026-09-26T01:56:19.987+0530","caller":"yamlconfigmanager/setup.go:1675","msg":"dynamic discovery redirect: flag off, keeping mode=dynamic"}
{"level":"debug","time":"2026-09-26T01:56:19.987+0530","caller":"yamlconfigmanager/setup.go:570","msg":"Tunnel: false"}
{"level":"info","time":"2026-09-26T01:56:19.987+0530","caller":"models/HypertestYamlConfig.go:993","msg":"\n\u001b[4m\u001b[1m\u001b[97mExecution Plan\u001b[0m\u001b[22m\u001b[24m"}
{"level":"info","time":"2026-09-26T01:56:19.987+0530","caller":"models/HypertestYamlConfig.go:796","msg":"Mode:    \u001b[36mmatrix\u001b[0m"}
{"level":"info","time":"2026-09-26T01:56:19.987+0530","caller":"models/HypertestYamlConfig.go:854","msg":"Runson:    \u001b[36m${matrix.os}\u001b[0m"}
{"level":"info","time":"2026-09-26T01:56:19.987+0530","caller":"models/HypertestYamlConfig.go:926","msg":"Report:    \u001b[36mdisabled\u001b[0m"}
{"level":"info","time":"2026-09-26T01:56:19.987+0530","caller":"models/HypertestYamlConfig.go:958","msg":"Cache Directories:"}
{"level":"info","time":"2026-09-26T01:56:19.987+0530","caller":"models/HypertestYamlConfig.go:960","msg":"    \u001b[36mnode_modules\u001b[0m"}
{"level":"info","time":"2026-09-26T01:56:19.987+0530","caller":"models/HypertestYamlConfig.go:1006","msg":""}
{"level":"debug","time":"2026-09-26T01:56:19.988+0530","caller":"filevalidator/setup.go:50","msg":"Warning: Checking data.json file in current directory, no dataJsonPath found in .hyperexecute.yaml"}
{"level":"debug","time":"2026-09-26T01:56:19.988+0530","caller":"filevalidator/setup.go:54","msg":"Warning: data.json file doesn't exist"}
{"level":"info","time":"2026-09-26T01:56:23.107+0530","caller":"core/lifecycle.go:318","msg":"\u001b[102m\u001b[1m\u001b[30mYou've consumed 4.67 % of your limit. Free trial mins left - 286.00\u001b[0m\u001b[22m\u001b[0m"}
{"level":"debug","time":"2026-09-26T01:56:23.107+0530","caller":"core/lifecycle.go:397","msg":"Job ID: f5313d3d-dd4c-496a-ba63-b939bcf4c15f"}
{"level":"debug","time":"2026-09-26T01:56:23.107+0530","caller":"core/lifecycle.go:400","msg":"User - SwathyE, triggered job with ID f5313d3d-dd4c-496a-ba63-b939bcf4c15f from CLI"}
{"level":"debug","time":"2026-09-26T01:56:23.107+0530","caller":"core/lifecycle.go:403","msg":"User has provided playwright as test type for the job with ID f5313d3d-dd4c-496a-ba63-b939bcf4c15f"}
{"level":"debug","time":"2026-09-26T01:56:23.107+0530","caller":"events/manager.go:97","msg":"Starting event manager"}
{"level":"debug","time":"2026-09-26T01:56:23.107+0530","caller":"events/manager.go:99","msg":"SSE enabled, getting SSE connection"}
{"level":"debug","time":"2026-09-26T01:56:23.108+0530","caller":"archivemanager/setup.go:341","msg":"digestMap: map[]"}
{"level":"debug","time":"2026-09-26T01:56:23.108+0530","caller":"archivemanager/setup.go:347","msg":"Creating archive of target directory: C:\\Users\\ROHIN\\Downloads\\playwright"}
{"level":"debug","time":"2026-09-26T01:56:23.118+0530","caller":"core/lifecycle.go:554","msg":"Zip file size: 7.49 kB"}
{"level":"debug","time":"2026-09-26T01:56:23.118+0530","caller":"core/lifecycle.go:564","msg":"Archive location: C:\\Users\\ROHIN\\Downloads\\playwright\\hyperexecute-code-f5313d3d-dd4c-496a-ba63-b939bcf4c15f.zip\n"}
{"level":"debug","time":"2026-09-26T01:56:23.119+0530","caller":"receptionmanager/setup.go:441","msg":"number of entries in runtimes: 0, switching to new yaml format"}
{"level":"debug","time":"2026-09-26T01:56:23.119+0530","caller":"receptionmanager/setup.go:470","msg":"number of entries in partialreports: 0, switching to new yaml format"}
{"level":"debug","time":"2026-09-26T01:56:23.119+0530","caller":"receptionmanager/setup.go:221","msg":"policy enforce: feature flag off, skipping enforcement"}
{"level":"debug","time":"2026-09-26T01:56:23.120+0530","caller":"receptionmanager/setup.go:355","msg":"Uploading yaml : C:\\Users\\ROHIN\\Downloads\\playwright\\.updatedhyperexecute.yaml"}
{"level":"debug","time":"2026-09-26T01:56:23.120+0530","caller":"storage/azure.go:59","msg":"Payload size: 3.78 kB, source path C:\\Users\\ROHIN\\Downloads\\playwright\\.updatedhyperexecute.yaml"}
{"level":"debug","time":"2026-09-26T01:56:24.397+0530","caller":"events/manager.go:288","msg":"connection to hyperexecute server established successfully."}
{"level":"debug","time":"2026-09-26T01:56:26.378+0530","caller":"storage/azure.go:83","msg":"Azcopy output: \n\r100.0 %, 1 Done, 0 Failed, 0 Pending, 0 Skipped, 1 Total, 2-sec Throughput (Mb/s): 0.0151\nTotal time taken to upload(min) :0.0333\n, stderr: "}
{"level":"info","time":"2026-09-26T01:56:26.378+0530","caller":"storage/azure.go:122","msg":"File: C:\\Users\\ROHIN\\Downloads\\playwright\\.updatedhyperexecute.yaml upload completed in 3.2584594s"}
{"level":"debug","time":"2026-09-26T01:56:26.380+0530","caller":"storage/azure.go:59","msg":"Payload size: 7.49 kB, source path C:\\Users\\ROHIN\\Downloads\\playwright\\hyperexecute-code-f5313d3d-dd4c-496a-ba63-b939bcf4c15f.zip"}
{"level":"debug","time":"2026-09-26T01:56:29.469+0530","caller":"storage/azure.go:83","msg":"Azcopy output: \n\r100.0 %, 1 Done, 0 Failed, 0 Pending, 0 Skipped, 1 Total, 2-sec Throughput (Mb/s): 0.0299\nTotal time taken to upload(min) :0.0334\n, stderr: "}
{"level":"info","time":"2026-09-26T01:56:29.469+0530","caller":"storage/azure.go:122","msg":"File: C:\\Users\\ROHIN\\Downloads\\playwright\\hyperexecute-code-f5313d3d-dd4c-496a-ba63-b939bcf4c15f.zip upload completed in 3.0888341s"}
{"level":"debug","time":"2026-09-26T01:56:29.470+0530","caller":"core/lifecycle.go:605","msg":"Successfully deleted code archive: C:\\Users\\ROHIN\\Downloads\\playwright\\hyperexecute-code-f5313d3d-dd4c-496a-ba63-b939bcf4c15f.zip\n"}
{"level":"debug","time":"2026-09-26T01:56:29.473+0530","caller":"storage/azure.go:59","msg":"Payload size: 413 B, source path mask-f5313d3d-dd4c-496a-ba63-b939bcf4c15f.yaml"}
{"level":"debug","time":"2026-09-26T01:56:32.595+0530","caller":"storage/azure.go:83","msg":"Azcopy output: \n\r100.0 %, 1 Done, 0 Failed, 0 Pending, 0 Skipped, 1 Total, 2-sec Throughput (Mb/s): 0.0017\nTotal time taken to upload(min) :0.0333\n, stderr: "}
{"level":"info","time":"2026-09-26T01:56:32.595+0530","caller":"storage/azure.go:122","msg":"File: mask-f5313d3d-dd4c-496a-ba63-b939bcf4c15f.yaml upload completed in 3.1217621s"}
{"level":"debug","time":"2026-09-26T01:56:32.596+0530","caller":"httpclient/client.go:45","msg":"[DEBUG] POST https://api-hyperexecute.lambdatest.com/dispatcher/api/dispatcher"}
{"level":"info","time":"2026-09-26T01:56:33.982+0530","caller":"dispatchermanager/setup.go:94","msg":"Dispatch attempt to https://api-hyperexecute.lambdatest.com/dispatcher returned status 200"}
{"level":"debug","time":"2026-09-26T01:56:34.998+0530","caller":"jobmanager/sse_setup.go:192","msg":"Task id: HYPW-2752721-1790367992861300423RLG"}
{"level":"debug","time":"2026-09-26T01:56:34.998+0530","caller":"jobmanager/sse_setup.go:193","msg":"Sending new task alert to stage manager for taskId: HYPW-2752721-1790367992861300423RLG"}
{"level":"info","time":"2026-09-26T01:56:36.955+0530","caller":"terminal/terminal.go:187","msg":"✔ [1]  cache-download (1s)\n"}
{"level":"info","time":"2026-09-26T01:56:37.546+0530","caller":"jobmanager/sse_setup.go:84","msg":"\nJob f5313d3d-dd4c-496a-ba63-b939bcf4c15f has started RUNNING"}
{"level":"info","time":"2026-09-26T01:56:37.558+0530","caller":"jobmanager/manager.go:136","msg":"Job Link: https://hyperexecute.lambdatest.com/hyperexecute/task?jobId=f5313d3d-dd4c-496a-ba63-b939bcf4c15f\n"}
{"level":"info","time":"2026-09-26T01:56:48.203+0530","caller":"terminal/terminal.go:187","msg":"x [1]  pre (11s)\n"}
{"level":"debug","time":"2026-09-26T01:56:50.087+0530","caller":"jobmanager/sse_setup.go:134","msg":"\n\nJob status"}
{"level":"info","time":"2026-09-26T01:56:50.087+0530","caller":"core/lifecycle.go:708","msg":"taskId:HYPW-2752721-1790367992861300423RLG has failed with remark: Job failed at prerun step. Please check your Yaml configuration.\n"}
{"level":"info","time":"2026-09-26T01:56:50.872+0530","caller":"jobmanager/JobSummaryManager.go:54","msg":"\n FAILED \n"}
{"level":"info","time":"2026-09-26T01:56:50.873+0530","caller":"jobmanager/JobSummaryManager.go:113","msg":"    Test Execution Time:                  0s"}
{"level":"info","time":"2026-09-26T01:56:50.873+0530","caller":"jobmanager/JobSummaryManager.go:113","msg":"    Job Duration Time:                    12s"}
{"level":"info","time":"2026-09-26T01:56:50.873+0530","caller":"jobmanager/JobSummaryManager.go:113","msg":"    Total Tasks:                          1"}
{"level":"info","time":"2026-09-26T01:56:50.873+0530","caller":"jobmanager/JobSummaryManager.go:113","msg":"    Cumulative Time Consumed:             12s"}
{"level":"info","time":"2026-09-26T01:56:50.873+0530","caller":"jobmanager/JobSummaryManager.go:113","msg":"    Total Stages:                         1"}
{"level":"info","time":"2026-09-26T01:56:50.873+0530","caller":"jobmanager/JobSummaryManager.go:113","msg":"    Pass discovery stage percentage:      0.00%"}
{"level":"info","time":"2026-09-26T01:56:50.873+0530","caller":"jobmanager/JobSummaryManager.go:113","msg":"    Failed discovery stage percentage:    0.00%"}
{"level":"info","time":"2026-09-26T01:56:50.873+0530","caller":"jobmanager/JobSummaryManager.go:113","msg":"    Pass pre stage percentage:            0.00%"}
{"level":"info","time":"2026-09-26T01:56:50.873+0530","caller":"jobmanager/JobSummaryManager.go:113","msg":"    Failed pre stage percentage:          100.00%"}
{"level":"info","time":"2026-09-26T01:56:50.873+0530","caller":"jobmanager/JobSummaryManager.go:113","msg":"    Pass test stage percentage:           0.00%"}
{"level":"info","time":"2026-09-26T01:56:50.873+0530","caller":"jobmanager/JobSummaryManager.go:113","msg":"    Failed test stage percentage:         0.00%"}
{"level":"info","time":"2026-09-26T01:56:50.873+0530","caller":"jobmanager/JobSummaryManager.go:113","msg":"    Pass post stage percentage:           0.00%"}
{"level":"info","time":"2026-09-26T01:56:50.874+0530","caller":"jobmanager/JobSummaryManager.go:113","msg":"    Failed post stage percentage:         0.00%"}
{"level":"info","time":"2026-09-26T01:56:50.874+0530","caller":"jobmanager/JobSummaryManager.go:113","msg":"    Failed Tasks:                         1"}
{"level":"info","time":"2026-09-26T01:56:50.874+0530","caller":"jobmanager/JobSummaryManager.go:58","msg":""}
{"level":"debug","time":"2026-09-26T01:56:50.875+0530","caller":"core/lifecycle.go:821","msg":"Context canceled"}
{"level":"info","time":"2026-09-26T01:56:50.875+0530","caller":"events/manager.go:338","msg":"context done and stopping SSE"}
{"level":"debug","time":"2026-09-26T01:56:50.878+0530","caller":"events/manager.go:256","msg":"Stopping event manager"}
{"level":"info","time":"2026-09-26T01:56:50.875+0530","caller":"core/lifecycle.go:824","msg":"Stopping pipeline gracefully"}
{"level":"error","time":"2026-09-26T01:56:50.878+0530","caller":"core/lifecycle.go:827","msg":"2026-09-26T01:56:12+05:30    error    Exiting with error: Failed tasks found."}
{"level":"info","time":"2026-09-26T01:56:50.878+0530","caller":"jobmanager/manager.go:136","msg":"Job Link: https://hyperexecute.lambdatest.com/hyperexecute/task?jobId=f5313d3d-dd4c-496a-ba63-b939bcf4c15f\n"}
{"level":"debug","time":"2026-09-26T01:56:50.878+0530","caller":"core/lifecycle.go:76","msg":"Quit requested from main goroutine...."}
{"level":"debug","time":"2026-09-26T01:56:50.878+0530","caller":"core/lifecycle.go:77","msg":"Waiting for the goroutines to exit"}
{"level":"debug","time":"2026-09-26T01:56:50.878+0530","caller":"core/lifecycle.go:80","msg":"All lifecycle goroutines exited"}
{"level":"debug","time":"2026-09-26T01:56:50.878+0530","caller":"cmd/bin.go:348","msg":"main: all goroutines have finished."}
{"level":"debug","time":"2026-09-26T01:56:50.878+0530","caller":"cmd/bin.go:387","msg":"Exiting application due to error Failed tasks found."}
{"level":"debug","time":"2026-09-26T02:02:32.299+0530","caller":"cmd/bin.go:138","msg":"cli os: windows, cli arch: amd64"}
{"level":"debug","time":"2026-09-26T02:02:32.301+0530","caller":"cmd/bin.go:139","msg":"Current binary version: 0.2.357, Environment: prod"}
{"level":"debug","time":"2026-09-26T02:02:33.108+0530","caller":"cmd/bin.go:148","msg":"Upstream version details: {Name:cli Min:0.2.265 Max:0.2.357} "}
{"level":"info","time":"2026-09-26T02:02:33.109+0530","caller":"cmd/bin.go:196","msg":"Generating TraceID for tracking request: 01M3D4A0Z7CMQNVWTZKZD3PE78 \n"}
{"level":"debug","time":"2026-09-26T02:02:36.501+0530","caller":"core/lifecycle.go:124","msg":"Setting environment"}
{"level":"debug","time":"2026-09-26T02:02:36.503+0530","caller":"core/lifecycle.go:127","msg":"Parsing config"}
{"level":"debug","time":"2026-09-26T02:02:36.503+0530","caller":"yamlconfigmanager/setup.go:746","msg":"Custom location for .hyperexecute.yaml specified. Using: hyperexecute.yaml"}
{"level":"debug","time":"2026-09-26T02:02:36.505+0530","caller":"yamlconfigmanager/setup.go:120","msg":"using hyperexecute config from : hyperexecute.yaml"}
{"level":"debug","time":"2026-09-26T02:02:36.510+0530","caller":"yamlconfigmanager/setup.go:2013","msg":"Environment variable not set against the variable - matrix.os mentioned in yaml"}
{"level":"debug","time":"2026-09-26T02:02:38.227+0530","caller":"yamlconfigmanager/setup.go:2250","msg":"Autodetecting test type in files of path : C:\\Users\\ROHIN\\Downloads\\playwright"}
{"level":"debug","time":"2026-09-26T02:02:38.232+0530","caller":"yamlconfigmanager/setup.go:2292","msg":"File in which test type is detected - C:\\Users\\ROHIN\\Downloads\\playwright/package.json"}
{"level":"debug","time":"2026-09-26T02:02:38.232+0530","caller":"yamlconfigmanager/setup.go:2293","msg":"Pre command in which test type is detected - npx playwright install"}
{"level":"debug","time":"2026-09-26T02:02:38.232+0530","caller":"yamlconfigmanager/setup.go:526","msg":"Automatic test type detected - playwright"}
{"level":"debug","time":"2026-09-26T02:02:38.970+0530","caller":"yamlconfigmanager/setup.go:1675","msg":"dynamic discovery redirect: flag off, keeping mode=dynamic"}
{"level":"debug","time":"2026-09-26T02:02:38.970+0530","caller":"yamlconfigmanager/setup.go:570","msg":"Tunnel: false"}
{"level":"info","time":"2026-09-26T02:02:38.970+0530","caller":"models/HypertestYamlConfig.go:993","msg":"\n\u001b[4m\u001b[1m\u001b[97mExecution Plan\u001b[0m\u001b[22m\u001b[24m"}
{"level":"info","time":"2026-09-26T02:02:38.973+0530","caller":"models/HypertestYamlConfig.go:796","msg":"Mode:    \u001b[36mmatrix\u001b[0m"}
{"level":"info","time":"2026-09-26T02:02:38.973+0530","caller":"models/HypertestYamlConfig.go:854","msg":"Runson:    \u001b[36m${matrix.os}\u001b[0m"}
{"level":"info","time":"2026-09-26T02:02:38.974+0530","caller":"models/HypertestYamlConfig.go:926","msg":"Report:    \u001b[36mdisabled\u001b[0m"}
{"level":"info","time":"2026-09-26T02:02:38.974+0530","caller":"models/HypertestYamlConfig.go:958","msg":"Cache Directories:"}
{"level":"info","time":"2026-09-26T02:02:38.974+0530","caller":"models/HypertestYamlConfig.go:960","msg":"    \u001b[36mnode_modules\u001b[0m"}
{"level":"info","time":"2026-09-26T02:02:38.974+0530","caller":"models/HypertestYamlConfig.go:1006","msg":""}
{"level":"debug","time":"2026-09-26T02:02:38.974+0530","caller":"filevalidator/setup.go:50","msg":"Warning: Checking data.json file in current directory, no dataJsonPath found in .hyperexecute.yaml"}
{"level":"debug","time":"2026-09-26T02:02:38.975+0530","caller":"filevalidator/setup.go:54","msg":"Warning: data.json file doesn't exist"}
{"level":"info","time":"2026-09-26T02:02:42.737+0530","caller":"core/lifecycle.go:318","msg":"\u001b[102m\u001b[1m\u001b[30mYou've consumed 5.00 % of your limit. Free trial mins left - 285.00\u001b[0m\u001b[22m\u001b[0m"}
{"level":"debug","time":"2026-09-26T02:02:42.737+0530","caller":"core/lifecycle.go:397","msg":"Job ID: 7d30b9f3-5e42-4cef-9bdb-5f5e4209a2ea"}
{"level":"debug","time":"2026-09-26T02:02:42.738+0530","caller":"core/lifecycle.go:400","msg":"User - SwathyE, triggered job with ID 7d30b9f3-5e42-4cef-9bdb-5f5e4209a2ea from CLI"}
{"level":"debug","time":"2026-09-26T02:02:42.738+0530","caller":"core/lifecycle.go:403","msg":"User has provided playwright as test type for the job with ID 7d30b9f3-5e42-4cef-9bdb-5f5e4209a2ea"}
{"level":"debug","time":"2026-09-26T02:02:42.737+0530","caller":"events/manager.go:97","msg":"Starting event manager"}
{"level":"debug","time":"2026-09-26T02:02:42.741+0530","caller":"events/manager.go:99","msg":"SSE enabled, getting SSE connection"}
{"level":"debug","time":"2026-09-26T02:02:42.742+0530","caller":"archivemanager/setup.go:341","msg":"digestMap: map[]"}
{"level":"debug","time":"2026-09-26T02:02:42.742+0530","caller":"archivemanager/setup.go:347","msg":"Creating archive of target directory: C:\\Users\\ROHIN\\Downloads\\playwright"}
{"level":"debug","time":"2026-09-26T02:02:42.763+0530","caller":"core/lifecycle.go:554","msg":"Zip file size: 7.46 kB"}
{"level":"debug","time":"2026-09-26T02:02:42.763+0530","caller":"core/lifecycle.go:564","msg":"Archive location: C:\\Users\\ROHIN\\Downloads\\playwright\\hyperexecute-code-7d30b9f3-5e42-4cef-9bdb-5f5e4209a2ea.zip\n"}
{"level":"debug","time":"2026-09-26T02:02:42.764+0530","caller":"receptionmanager/setup.go:441","msg":"number of entries in runtimes: 0, switching to new yaml format"}
{"level":"debug","time":"2026-09-26T02:02:42.764+0530","caller":"receptionmanager/setup.go:470","msg":"number of entries in partialreports: 0, switching to new yaml format"}
{"level":"debug","time":"2026-09-26T02:02:42.764+0530","caller":"receptionmanager/setup.go:221","msg":"policy enforce: feature flag off, skipping enforcement"}
{"level":"debug","time":"2026-09-26T02:02:42.766+0530","caller":"receptionmanager/setup.go:355","msg":"Uploading yaml : C:\\Users\\ROHIN\\Downloads\\playwright\\.updatedhyperexecute.yaml"}
{"level":"debug","time":"2026-09-26T02:02:42.766+0530","caller":"storage/azure.go:59","msg":"Payload size: 3.66 kB, source path C:\\Users\\ROHIN\\Downloads\\playwright\\.updatedhyperexecute.yaml"}
{"level":"debug","time":"2026-09-26T02:02:45.910+0530","caller":"events/manager.go:288","msg":"connection to hyperexecute server established successfully."}
{"level":"debug","time":"2026-09-26T02:02:46.401+0530","caller":"storage/azure.go:83","msg":"Azcopy output: \n\r100.0 %, 1 Done, 0 Failed, 0 Pending, 0 Skipped, 1 Total, 2-sec Throughput (Mb/s): 0.0146\nTotal time taken to upload(min) :0.0334\n, stderr: "}
{"level":"info","time":"2026-09-26T02:02:46.403+0530","caller":"storage/azure.go:122","msg":"File: C:\\Users\\ROHIN\\Downloads\\playwright\\.updatedhyperexecute.yaml upload completed in 3.6366125s"}
{"level":"debug","time":"2026-09-26T02:02:46.403+0530","caller":"storage/azure.go:59","msg":"Payload size: 7.46 kB, source path C:\\Users\\ROHIN\\Downloads\\playwright\\hyperexecute-code-7d30b9f3-5e42-4cef-9bdb-5f5e4209a2ea.zip"}
{"level":"debug","time":"2026-09-26T02:02:49.700+0530","caller":"storage/azure.go:83","msg":"Azcopy output: \n\r100.0 %, 1 Done, 0 Failed, 0 Pending, 0 Skipped, 1 Total, 2-sec Throughput (Mb/s): 0.0299\nTotal time taken to upload(min) :0.0333\n, stderr: "}
{"level":"info","time":"2026-09-26T02:02:49.700+0530","caller":"storage/azure.go:122","msg":"File: C:\\Users\\ROHIN\\Downloads\\playwright\\hyperexecute-code-7d30b9f3-5e42-4cef-9bdb-5f5e4209a2ea.zip upload completed in 3.2974688s"}
{"level":"debug","time":"2026-09-26T02:02:49.701+0530","caller":"core/lifecycle.go:605","msg":"Successfully deleted code archive: C:\\Users\\ROHIN\\Downloads\\playwright\\hyperexecute-code-7d30b9f3-5e42-4cef-9bdb-5f5e4209a2ea.zip\n"}
{"level":"debug","time":"2026-09-26T02:02:49.704+0530","caller":"storage/azure.go:59","msg":"Payload size: 343 B, source path mask-7d30b9f3-5e42-4cef-9bdb-5f5e4209a2ea.yaml"}
{"level":"debug","time":"2026-09-26T02:02:52.992+0530","caller":"storage/azure.go:83","msg":"Azcopy output: \n\r100.0 %, 1 Done, 0 Failed, 0 Pending, 0 Skipped, 1 Total, 2-sec Throughput (Mb/s): 0.0014\nTotal time taken to upload(min) :0.0333\n, stderr: "}
{"level":"info","time":"2026-09-26T02:02:52.993+0530","caller":"storage/azure.go:122","msg":"File: mask-7d30b9f3-5e42-4cef-9bdb-5f5e4209a2ea.yaml upload completed in 3.2892473s"}
{"level":"debug","time":"2026-09-26T02:02:52.994+0530","caller":"httpclient/client.go:45","msg":"[DEBUG] POST https://api-hyperexecute.lambdatest.com/dispatcher/api/dispatcher"}
{"level":"info","time":"2026-09-26T02:02:54.201+0530","caller":"dispatchermanager/setup.go:94","msg":"Dispatch attempt to https://api-hyperexecute.lambdatest.com/dispatcher returned status 200"}
{"level":"debug","time":"2026-09-26T02:02:55.303+0530","caller":"jobmanager/sse_setup.go:192","msg":"Task id: HYPW-2752721-1790368373138950530CUH"}
{"level":"debug","time":"2026-09-26T02:02:55.303+0530","caller":"jobmanager/sse_setup.go:193","msg":"Sending new task alert to stage manager for taskId: HYPW-2752721-1790368373138950530CUH"}
{"level":"debug","time":"2026-09-26T02:03:25.304+0530","caller":"events/manager.go:356","msg":"No new messages received from SSE for jobID: 7d30b9f3-5e42-4cef-9bdb-5f5e4209a2ea. Fetching from APIs"}
{"level":"info","time":"2026-09-26T02:03:26.152+0530","caller":"jobmanager/sse_setup.go:86","msg":"\nJob 7d30b9f3-5e42-4cef-9bdb-5f5e4209a2ea has INITIATED"}
{"level":"info","time":"2026-09-26T02:03:26.152+0530","caller":"jobmanager/manager.go:136","msg":"Job Link: https://hyperexecute.lambdatest.com/hyperexecute/task?jobId=7d30b9f3-5e42-4cef-9bdb-5f5e4209a2ea\n"}
{"level":"debug","time":"2026-09-26T02:03:57.074+0530","caller":"events/manager.go:356","msg":"No new messages received from SSE for jobID: 7d30b9f3-5e42-4cef-9bdb-5f5e4209a2ea. Fetching from APIs"}
{"level":"debug","time":"2026-09-26T02:04:28.922+0530","caller":"events/manager.go:356","msg":"No new messages received from SSE for jobID: 7d30b9f3-5e42-4cef-9bdb-5f5e4209a2ea. Fetching from APIs"}
{"level":"debug","time":"2026-09-26T02:05:00.363+0530","caller":"events/manager.go:279","msg":"SSE connection completed. Reconnecting!!"}
{"level":"debug","time":"2026-09-26T02:05:00.667+0530","caller":"events/manager.go:356","msg":"No new messages received from SSE for jobID: 7d30b9f3-5e42-4cef-9bdb-5f5e4209a2ea. Fetching from APIs"}
{"level":"debug","time":"2026-09-26T02:05:02.617+0530","caller":"events/manager.go:288","msg":"connection to hyperexecute server established successfully."}
{"level":"debug","time":"2026-09-26T02:05:32.310+0530","caller":"events/manager.go:356","msg":"No new messages received from SSE for jobID: 7d30b9f3-5e42-4cef-9bdb-5f5e4209a2ea. Fetching from APIs"}
{"level":"debug","time":"2026-09-26T02:06:04.056+0530","caller":"events/manager.go:356","msg":"No new messages received from SSE for jobID: 7d30b9f3-5e42-4cef-9bdb-5f5e4209a2ea. Fetching from APIs"}
{"level":"debug","time":"2026-09-26T02:06:18.479+0530","caller":"cmd/bin.go:356","msg":"main: received C-c - attempting graceful shutdown ...."}
{"level":"debug","time":"2026-09-26T02:06:18.479+0530","caller":"cmd/bin.go:357","msg":"Sending abort job signal to sentinel"}
{"level":"debug","time":"2026-09-26T02:06:18.479+0530","caller":"cmd/bin.go:363","msg":"Sending request to abort job"}
{"level":"debug","time":"2026-09-26T02:06:20.548+0530","caller":"cmd/bin.go:372","msg":"main: telling goroutines to stop"}
{"level":"info","time":"2026-09-26T02:06:20.548+0530","caller":"events/manager.go:338","msg":"context done and stopping SSE"}
{"level":"debug","time":"2026-09-26T02:06:20.548+0530","caller":"events/manager.go:256","msg":"Stopping event manager"}
{"level":"debug","time":"2026-09-26T02:07:05.416+0530","caller":"cmd/bin.go:138","msg":"cli os: windows, cli arch: amd64"}
{"level":"debug","time":"2026-09-26T02:07:05.417+0530","caller":"cmd/bin.go:139","msg":"Current binary version: 0.2.357, Environment: prod"}
{"level":"debug","time":"2026-09-26T02:07:06.330+0530","caller":"cmd/bin.go:148","msg":"Upstream version details: {Name:cli Min:0.2.265 Max:0.2.357} "}
{"level":"info","time":"2026-09-26T02:07:06.330+0530","caller":"cmd/bin.go:196","msg":"Generating TraceID for tracking request: 01M3D4JBTBKK0FMW6SBAT3DNFH \n"}
{"level":"debug","time":"2026-09-26T02:07:10.881+0530","caller":"core/lifecycle.go:124","msg":"Setting environment"}
{"level":"debug","time":"2026-09-26T02:07:10.882+0530","caller":"core/lifecycle.go:127","msg":"Parsing config"}
{"level":"debug","time":"2026-09-26T02:07:10.882+0530","caller":"yamlconfigmanager/setup.go:746","msg":"Custom location for .hyperexecute.yaml specified. Using: hyperexecute.yaml"}
{"level":"debug","time":"2026-09-26T02:07:10.882+0530","caller":"yamlconfigmanager/setup.go:120","msg":"using hyperexecute config from : hyperexecute.yaml"}
{"level":"debug","time":"2026-09-26T02:07:10.882+0530","caller":"yamlconfigmanager/setup.go:2013","msg":"Environment variable not set against the variable - matrix.os mentioned in yaml"}
{"level":"debug","time":"2026-09-26T02:07:12.476+0530","caller":"yamlconfigmanager/setup.go:2250","msg":"Autodetecting test type in files of path : C:\\Users\\ROHIN\\Downloads\\playwright"}
{"level":"debug","time":"2026-09-26T02:07:12.476+0530","caller":"yamlconfigmanager/setup.go:2292","msg":"File in which test type is detected - C:\\Users\\ROHIN\\Downloads\\playwright/package.json"}
{"level":"debug","time":"2026-09-26T02:07:12.476+0530","caller":"yamlconfigmanager/setup.go:2293","msg":"Pre command in which test type is detected - npx playwright install"}
{"level":"debug","time":"2026-09-26T02:07:12.476+0530","caller":"yamlconfigmanager/setup.go:526","msg":"Automatic test type detected - playwright"}
{"level":"debug","time":"2026-09-26T02:07:13.152+0530","caller":"yamlconfigmanager/setup.go:1675","msg":"dynamic discovery redirect: flag off, keeping mode=dynamic"}
{"level":"debug","time":"2026-09-26T02:07:13.153+0530","caller":"yamlconfigmanager/setup.go:570","msg":"Tunnel: false"}
{"level":"info","time":"2026-09-26T02:07:13.153+0530","caller":"models/HypertestYamlConfig.go:993","msg":"\n\u001b[4m\u001b[1m\u001b[97mExecution Plan\u001b[0m\u001b[22m\u001b[24m"}
{"level":"info","time":"2026-09-26T02:07:13.153+0530","caller":"models/HypertestYamlConfig.go:796","msg":"Mode:    \u001b[36mmatrix\u001b[0m"}
{"level":"info","time":"2026-09-26T02:07:13.153+0530","caller":"models/HypertestYamlConfig.go:854","msg":"Runson:    \u001b[36m${matrix.os}\u001b[0m"}
{"level":"info","time":"2026-09-26T02:07:13.153+0530","caller":"models/HypertestYamlConfig.go:926","msg":"Report:    \u001b[36mdisabled\u001b[0m"}
{"level":"info","time":"2026-09-26T02:07:13.153+0530","caller":"models/HypertestYamlConfig.go:958","msg":"Cache Directories:"}
{"level":"info","time":"2026-09-26T02:07:13.153+0530","caller":"models/HypertestYamlConfig.go:960","msg":"    \u001b[36mnode_modules\u001b[0m"}
{"level":"info","time":"2026-09-26T02:07:13.153+0530","caller":"models/HypertestYamlConfig.go:1006","msg":""}
{"level":"debug","time":"2026-09-26T02:07:13.154+0530","caller":"filevalidator/setup.go:50","msg":"Warning: Checking data.json file in current directory, no dataJsonPath found in .hyperexecute.yaml"}
{"level":"debug","time":"2026-09-26T02:07:13.154+0530","caller":"filevalidator/setup.go:54","msg":"Warning: data.json file doesn't exist"}
{"level":"info","time":"2026-09-26T02:07:22.405+0530","caller":"core/lifecycle.go:318","msg":"\u001b[102m\u001b[1m\u001b[30mYou've consumed 5.00 % of your limit. Free trial mins left - 285.00\u001b[0m\u001b[22m\u001b[0m"}
{"level":"debug","time":"2026-09-26T02:07:22.406+0530","caller":"core/lifecycle.go:397","msg":"Job ID: 790ebe00-286f-471b-8efb-125788d18077"}
{"level":"debug","time":"2026-09-26T02:07:22.406+0530","caller":"core/lifecycle.go:400","msg":"User - SwathyE, triggered job with ID 790ebe00-286f-471b-8efb-125788d18077 from CLI"}
{"level":"debug","time":"2026-09-26T02:07:22.406+0530","caller":"core/lifecycle.go:403","msg":"User has provided playwright as test type for the job with ID 790ebe00-286f-471b-8efb-125788d18077"}
{"level":"debug","time":"2026-09-26T02:07:22.406+0530","caller":"events/manager.go:97","msg":"Starting event manager"}
{"level":"debug","time":"2026-09-26T02:07:22.406+0530","caller":"events/manager.go:99","msg":"SSE enabled, getting SSE connection"}
{"level":"debug","time":"2026-09-26T02:07:22.408+0530","caller":"archivemanager/setup.go:341","msg":"digestMap: map[]"}
{"level":"debug","time":"2026-09-26T02:07:22.408+0530","caller":"archivemanager/setup.go:347","msg":"Creating archive of target directory: C:\\Users\\ROHIN\\Downloads\\playwright"}
{"level":"debug","time":"2026-09-26T02:07:22.420+0530","caller":"core/lifecycle.go:554","msg":"Zip file size: 7.45 kB"}
{"level":"debug","time":"2026-09-26T02:07:22.420+0530","caller":"core/lifecycle.go:564","msg":"Archive location: C:\\Users\\ROHIN\\Downloads\\playwright\\hyperexecute-code-790ebe00-286f-471b-8efb-125788d18077.zip\n"}
{"level":"debug","time":"2026-09-26T02:07:22.422+0530","caller":"receptionmanager/setup.go:441","msg":"number of entries in runtimes: 0, switching to new yaml format"}
{"level":"debug","time":"2026-09-26T02:07:22.422+0530","caller":"receptionmanager/setup.go:470","msg":"number of entries in partialreports: 0, switching to new yaml format"}
{"level":"debug","time":"2026-09-26T02:07:22.422+0530","caller":"receptionmanager/setup.go:221","msg":"policy enforce: feature flag off, skipping enforcement"}
{"level":"debug","time":"2026-09-26T02:07:22.423+0530","caller":"receptionmanager/setup.go:355","msg":"Uploading yaml : C:\\Users\\ROHIN\\Downloads\\playwright\\.updatedhyperexecute.yaml"}
{"level":"debug","time":"2026-09-26T02:07:22.423+0530","caller":"storage/azure.go:59","msg":"Payload size: 3.60 kB, source path C:\\Users\\ROHIN\\Downloads\\playwright\\.updatedhyperexecute.yaml"}
{"level":"debug","time":"2026-09-26T02:07:23.871+0530","caller":"events/manager.go:288","msg":"connection to hyperexecute server established successfully."}
{"level":"debug","time":"2026-09-26T02:07:25.791+0530","caller":"storage/azure.go:83","msg":"Azcopy output: \n\r100.0 %, 1 Done, 0 Failed, 0 Pending, 0 Skipped, 1 Total, 2-sec Throughput (Mb/s): 0.0144\nTotal time taken to upload(min) :0.0333\n, stderr: "}
{"level":"info","time":"2026-09-26T02:07:25.791+0530","caller":"storage/azure.go:122","msg":"File: C:\\Users\\ROHIN\\Downloads\\playwright\\.updatedhyperexecute.yaml upload completed in 3.3688212s"}
{"level":"debug","time":"2026-09-26T02:07:25.792+0530","caller":"storage/azure.go:59","msg":"Payload size: 7.45 kB, source path C:\\Users\\ROHIN\\Downloads\\playwright\\hyperexecute-code-790ebe00-286f-471b-8efb-125788d18077.zip"}
{"level":"debug","time":"2026-09-26T02:07:28.902+0530","caller":"storage/azure.go:83","msg":"Azcopy output: \n\r100.0 %, 1 Done, 0 Failed, 0 Pending, 0 Skipped, 1 Total, 2-sec Throughput (Mb/s): 0.0298\nTotal time taken to upload(min) :0.0333\n, stderr: "}
{"level":"info","time":"2026-09-26T02:07:28.902+0530","caller":"storage/azure.go:122","msg":"File: C:\\Users\\ROHIN\\Downloads\\playwright\\hyperexecute-code-790ebe00-286f-471b-8efb-125788d18077.zip upload completed in 3.1098735s"}
{"level":"debug","time":"2026-09-26T02:07:28.903+0530","caller":"core/lifecycle.go:605","msg":"Successfully deleted code archive: C:\\Users\\ROHIN\\Downloads\\playwright\\hyperexecute-code-790ebe00-286f-471b-8efb-125788d18077.zip\n"}
{"level":"debug","time":"2026-09-26T02:07:28.904+0530","caller":"storage/azure.go:59","msg":"Payload size: 302 B, source path mask-790ebe00-286f-471b-8efb-125788d18077.yaml"}
{"level":"debug","time":"2026-09-26T02:07:32.067+0530","caller":"storage/azure.go:83","msg":"Azcopy output: \n\r100.0 %, 1 Done, 0 Failed, 0 Pending, 0 Skipped, 1 Total, 2-sec Throughput (Mb/s): 0.0012\nTotal time taken to upload(min) :0.0334\n, stderr: "}
{"level":"info","time":"2026-09-26T02:07:32.067+0530","caller":"storage/azure.go:122","msg":"File: mask-790ebe00-286f-471b-8efb-125788d18077.yaml upload completed in 3.1624675s"}
{"level":"debug","time":"2026-09-26T02:07:32.068+0530","caller":"httpclient/client.go:45","msg":"[DEBUG] POST https://api-hyperexecute.lambdatest.com/dispatcher/api/dispatcher"}
{"level":"info","time":"2026-09-26T02:07:33.457+0530","caller":"dispatchermanager/setup.go:94","msg":"Dispatch attempt to https://api-hyperexecute.lambdatest.com/dispatcher returned status 200"}
{"level":"debug","time":"2026-09-26T02:07:34.491+0530","caller":"jobmanager/sse_setup.go:192","msg":"Task id: HYPW-2752721-1790368652334077794UAN"}
{"level":"debug","time":"2026-09-26T02:07:34.491+0530","caller":"jobmanager/sse_setup.go:193","msg":"Sending new task alert to stage manager for taskId: HYPW-2752721-1790368652334077794UAN"}
{"level":"debug","time":"2026-09-26T02:08:04.498+0530","caller":"events/manager.go:356","msg":"No new messages received from SSE for jobID: 790ebe00-286f-471b-8efb-125788d18077. Fetching from APIs"}
{"level":"info","time":"2026-09-26T02:08:05.227+0530","caller":"jobmanager/sse_setup.go:86","msg":"\nJob 790ebe00-286f-471b-8efb-125788d18077 has INITIATED"}
{"level":"info","time":"2026-09-26T02:08:05.228+0530","caller":"jobmanager/manager.go:136","msg":"Job Link: https://hyperexecute.lambdatest.com/hyperexecute/task?jobId=790ebe00-286f-471b-8efb-125788d18077\n"}
{"level":"debug","time":"2026-09-26T02:08:35.885+0530","caller":"events/manager.go:356","msg":"No new messages received from SSE for jobID: 790ebe00-286f-471b-8efb-125788d18077. Fetching from APIs"}
{"level":"info","time":"2026-09-26T02:08:46.166+0530","caller":"terminal/terminal.go:187","msg":"✔ [1]  cache-download (1s)\n"}
{"level":"info","time":"2026-09-26T02:08:55.912+0530","caller":"terminal/terminal.go:187","msg":"x [1]  pre (10s)\n"}
{"level":"debug","time":"2026-09-26T02:08:57.988+0530","caller":"jobmanager/sse_setup.go:134","msg":"\n\nJob status"}
{"level":"info","time":"2026-09-26T02:08:57.988+0530","caller":"core/lifecycle.go:708","msg":"taskId:HYPW-2752721-1790368652334077794UAN has failed with remark: Job failed at prerun step. Please check your Yaml configuration.\n"}
{"level":"info","time":"2026-09-26T02:08:58.706+0530","caller":"jobmanager/JobSummaryManager.go:54","msg":"\n FAILED \n"}
{"level":"info","time":"2026-09-26T02:08:58.706+0530","caller":"jobmanager/JobSummaryManager.go:113","msg":"    Test Execution Time:                  0s"}
{"level":"info","time":"2026-09-26T02:08:58.706+0530","caller":"jobmanager/JobSummaryManager.go:113","msg":"    Job Duration Time:                    11s"}
{"level":"info","time":"2026-09-26T02:08:58.707+0530","caller":"jobmanager/JobSummaryManager.go:113","msg":"    Total Tasks:                          1"}
{"level":"info","time":"2026-09-26T02:08:58.707+0530","caller":"jobmanager/JobSummaryManager.go:113","msg":"    Cumulative Time Consumed:             11s"}
{"level":"info","time":"2026-09-26T02:08:58.707+0530","caller":"jobmanager/JobSummaryManager.go:113","msg":"    Total Stages:                         1"}
{"level":"info","time":"2026-09-26T02:08:58.707+0530","caller":"jobmanager/JobSummaryManager.go:113","msg":"    Pass discovery stage percentage:      0.00%"}
{"level":"info","time":"2026-09-26T02:08:58.707+0530","caller":"jobmanager/JobSummaryManager.go:113","msg":"    Failed discovery stage percentage:    0.00%"}
{"level":"info","time":"2026-09-26T02:08:58.707+0530","caller":"jobmanager/JobSummaryManager.go:113","msg":"    Pass pre stage percentage:            0.00%"}
{"level":"info","time":"2026-09-26T02:08:58.707+0530","caller":"jobmanager/JobSummaryManager.go:113","msg":"    Failed pre stage percentage:          100.00%"}
{"level":"info","time":"2026-09-26T02:08:58.707+0530","caller":"jobmanager/JobSummaryManager.go:113","msg":"    Pass test stage percentage:           0.00%"}
{"level":"info","time":"2026-09-26T02:08:58.707+0530","caller":"jobmanager/JobSummaryManager.go:113","msg":"    Failed test stage percentage:         0.00%"}
{"level":"info","time":"2026-09-26T02:08:58.707+0530","caller":"jobmanager/JobSummaryManager.go:113","msg":"    Pass post stage percentage:           0.00%"}
{"level":"info","time":"2026-09-26T02:08:58.707+0530","caller":"jobmanager/JobSummaryManager.go:113","msg":"    Failed post stage percentage:         0.00%"}
{"level":"info","time":"2026-09-26T02:08:58.707+0530","caller":"jobmanager/JobSummaryManager.go:113","msg":"    Failed Tasks:                         1"}
{"level":"info","time":"2026-09-26T02:08:58.707+0530","caller":"jobmanager/JobSummaryManager.go:58","msg":""}
{"level":"debug","time":"2026-09-26T02:08:58.709+0530","caller":"core/lifecycle.go:821","msg":"Context canceled"}
{"level":"info","time":"2026-09-26T02:08:58.709+0530","caller":"events/manager.go:338","msg":"context done and stopping SSE"}
{"level":"debug","time":"2026-09-26T02:08:58.709+0530","caller":"events/manager.go:256","msg":"Stopping event manager"}
{"level":"info","time":"2026-09-26T02:08:58.709+0530","caller":"core/lifecycle.go:824","msg":"Stopping pipeline gracefully"}
{"level":"error","time":"2026-09-26T02:08:58.709+0530","caller":"core/lifecycle.go:827","msg":"2026-09-26T02:07:04+05:30    error    Exiting with error: Failed tasks found."}
{"level":"info","time":"2026-09-26T02:08:58.709+0530","caller":"jobmanager/manager.go:136","msg":"Job Link: https://hyperexecute.lambdatest.com/hyperexecute/task?jobId=790ebe00-286f-471b-8efb-125788d18077\n"}
{"level":"debug","time":"2026-09-26T02:08:58.709+0530","caller":"core/lifecycle.go:76","msg":"Quit requested from main goroutine...."}
{"level":"debug","time":"2026-09-26T02:08:58.709+0530","caller":"core/lifecycle.go:77","msg":"Waiting for the goroutines to exit"}
{"level":"debug","time":"2026-09-26T02:08:58.709+0530","caller":"core/lifecycle.go:80","msg":"All lifecycle goroutines exited"}
{"level":"debug","time":"2026-09-26T02:08:58.709+0530","caller":"cmd/bin.go:348","msg":"main: all goroutines have finished."}
{"level":"debug","time":"2026-09-26T02:08:58.709+0530","caller":"cmd/bin.go:387","msg":"Exiting application due to error Failed tasks found."}
{"level":"debug","time":"2026-09-26T02:14:03.620+0530","caller":"cmd/bin.go:138","msg":"cli os: windows, cli arch: amd64"}
{"level":"debug","time":"2026-09-26T02:14:03.621+0530","caller":"cmd/bin.go:139","msg":"Current binary version: 0.2.357, Environment: prod"}
{"level":"debug","time":"2026-09-26T02:14:04.541+0530","caller":"cmd/bin.go:148","msg":"Upstream version details: {Name:cli Min:0.2.265 Max:0.2.357} "}
{"level":"info","time":"2026-09-26T02:14:04.541+0530","caller":"cmd/bin.go:196","msg":"Generating TraceID for tracking request: 01M3D4Z42PVRYMJREV7YY5P9VC \n"}
{"level":"debug","time":"2026-09-26T02:14:08.961+0530","caller":"core/lifecycle.go:124","msg":"Setting environment"}
{"level":"debug","time":"2026-09-26T02:14:08.962+0530","caller":"core/lifecycle.go:127","msg":"Parsing config"}
{"level":"debug","time":"2026-09-26T02:14:08.962+0530","caller":"yamlconfigmanager/setup.go:746","msg":"Custom location for .hyperexecute.yaml specified. Using: hyperexecute.yaml"}
{"level":"debug","time":"2026-09-26T02:14:08.962+0530","caller":"yamlconfigmanager/setup.go:120","msg":"using hyperexecute config from : hyperexecute.yaml"}
{"level":"debug","time":"2026-09-26T02:14:08.963+0530","caller":"yamlconfigmanager/setup.go:2013","msg":"Environment variable not set against the variable - matrix.os mentioned in yaml"}
{"level":"debug","time":"2026-09-26T02:14:10.582+0530","caller":"yamlconfigmanager/setup.go:2250","msg":"Autodetecting test type in files of path : C:\\Users\\ROHIN\\Downloads\\playwright"}
{"level":"debug","time":"2026-09-26T02:14:10.583+0530","caller":"yamlconfigmanager/setup.go:2292","msg":"File in which test type is detected - C:\\Users\\ROHIN\\Downloads\\playwright/package.json"}
{"level":"debug","time":"2026-09-26T02:14:10.583+0530","caller":"yamlconfigmanager/setup.go:2293","msg":"Pre command in which test type is detected - npm list @playwright/test"}
{"level":"debug","time":"2026-09-26T02:14:10.583+0530","caller":"yamlconfigmanager/setup.go:526","msg":"Automatic test type detected - playwright"}
{"level":"debug","time":"2026-09-26T02:14:11.507+0530","caller":"yamlconfigmanager/setup.go:1675","msg":"dynamic discovery redirect: flag off, keeping mode=dynamic"}
{"level":"debug","time":"2026-09-26T02:14:11.507+0530","caller":"yamlconfigmanager/setup.go:570","msg":"Tunnel: false"}
{"level":"info","time":"2026-09-26T02:14:11.507+0530","caller":"models/HypertestYamlConfig.go:993","msg":"\n\u001b[4m\u001b[1m\u001b[97mExecution Plan\u001b[0m\u001b[22m\u001b[24m"}
{"level":"info","time":"2026-09-26T02:14:11.508+0530","caller":"models/HypertestYamlConfig.go:796","msg":"Mode:    \u001b[36mmatrix\u001b[0m"}
{"level":"info","time":"2026-09-26T02:14:11.509+0530","caller":"models/HypertestYamlConfig.go:854","msg":"Runson:    \u001b[36m${matrix.os}\u001b[0m"}
{"level":"info","time":"2026-09-26T02:14:11.509+0530","caller":"models/HypertestYamlConfig.go:926","msg":"Report:    \u001b[36mdisabled\u001b[0m"}
{"level":"info","time":"2026-09-26T02:14:11.509+0530","caller":"models/HypertestYamlConfig.go:958","msg":"Cache Directories:"}
{"level":"info","time":"2026-09-26T02:14:11.509+0530","caller":"models/HypertestYamlConfig.go:960","msg":"    \u001b[36mnode_modules\u001b[0m"}
{"level":"info","time":"2026-09-26T02:14:11.509+0530","caller":"models/HypertestYamlConfig.go:1006","msg":""}
{"level":"debug","time":"2026-09-26T02:14:11.509+0530","caller":"filevalidator/setup.go:50","msg":"Warning: Checking data.json file in current directory, no dataJsonPath found in .hyperexecute.yaml"}
{"level":"debug","time":"2026-09-26T02:14:11.509+0530","caller":"filevalidator/setup.go:54","msg":"Warning: data.json file doesn't exist"}
{"level":"info","time":"2026-09-26T02:14:15.499+0530","caller":"core/lifecycle.go:318","msg":"\u001b[102m\u001b[1m\u001b[30mYou've consumed 5.00 % of your limit. Free trial mins left - 285.00\u001b[0m\u001b[22m\u001b[0m"}
{"level":"debug","time":"2026-09-26T02:14:15.499+0530","caller":"core/lifecycle.go:397","msg":"Job ID: ec98f26d-a470-4de6-82ed-2ffb9a59860d"}
{"level":"debug","time":"2026-09-26T02:14:15.499+0530","caller":"core/lifecycle.go:400","msg":"User - SwathyE, triggered job with ID ec98f26d-a470-4de6-82ed-2ffb9a59860d from CLI"}
{"level":"debug","time":"2026-09-26T02:14:15.499+0530","caller":"core/lifecycle.go:403","msg":"User has provided playwright as test type for the job with ID ec98f26d-a470-4de6-82ed-2ffb9a59860d"}
{"level":"debug","time":"2026-09-26T02:14:15.501+0530","caller":"events/manager.go:97","msg":"Starting event manager"}
{"level":"debug","time":"2026-09-26T02:14:15.506+0530","caller":"events/manager.go:99","msg":"SSE enabled, getting SSE connection"}
{"level":"debug","time":"2026-09-26T02:14:15.507+0530","caller":"archivemanager/setup.go:341","msg":"digestMap: map[]"}
{"level":"debug","time":"2026-09-26T02:14:15.507+0530","caller":"archivemanager/setup.go:347","msg":"Creating archive of target directory: C:\\Users\\ROHIN\\Downloads\\playwright"}
{"level":"debug","time":"2026-09-26T02:14:15.517+0530","caller":"core/lifecycle.go:554","msg":"Zip file size: 7.47 kB"}
{"level":"debug","time":"2026-09-26T02:14:15.517+0530","caller":"core/lifecycle.go:564","msg":"Archive location: C:\\Users\\ROHIN\\Downloads\\playwright\\hyperexecute-code-ec98f26d-a470-4de6-82ed-2ffb9a59860d.zip\n"}
{"level":"debug","time":"2026-09-26T02:14:15.519+0530","caller":"receptionmanager/setup.go:441","msg":"number of entries in runtimes: 0, switching to new yaml format"}
{"level":"debug","time":"2026-09-26T02:14:15.519+0530","caller":"receptionmanager/setup.go:470","msg":"number of entries in partialreports: 0, switching to new yaml format"}
{"level":"debug","time":"2026-09-26T02:14:15.519+0530","caller":"receptionmanager/setup.go:221","msg":"policy enforce: feature flag off, skipping enforcement"}
{"level":"debug","time":"2026-09-26T02:14:15.522+0530","caller":"receptionmanager/setup.go:355","msg":"Uploading yaml : C:\\Users\\ROHIN\\Downloads\\playwright\\.updatedhyperexecute.yaml"}
{"level":"debug","time":"2026-09-26T02:14:15.522+0530","caller":"storage/azure.go:59","msg":"Payload size: 3.65 kB, source path C:\\Users\\ROHIN\\Downloads\\playwright\\.updatedhyperexecute.yaml"}
{"level":"debug","time":"2026-09-26T02:14:16.726+0530","caller":"events/manager.go:288","msg":"connection to hyperexecute server established successfully."}
{"level":"debug","time":"2026-09-26T02:14:18.982+0530","caller":"storage/azure.go:83","msg":"Azcopy output: \n\r100.0 %, 1 Done, 0 Failed, 0 Pending, 0 Skipped, 1 Total, 2-sec Throughput (Mb/s): 0.0146\nTotal time taken to upload(min) :0.0333\n, stderr: "}
{"level":"info","time":"2026-09-26T02:14:18.982+0530","caller":"storage/azure.go:122","msg":"File: C:\\Users\\ROHIN\\Downloads\\playwright\\.updatedhyperexecute.yaml upload completed in 3.4598635s"}
{"level":"debug","time":"2026-09-26T02:14:18.982+0530","caller":"storage/azure.go:59","msg":"Payload size: 7.47 kB, source path C:\\Users\\ROHIN\\Downloads\\playwright\\hyperexecute-code-ec98f26d-a470-4de6-82ed-2ffb9a59860d.zip"}
{"level":"debug","time":"2026-09-26T02:14:22.140+0530","caller":"storage/azure.go:83","msg":"Azcopy output: \n\r100.0 %, 1 Done, 0 Failed, 0 Pending, 0 Skipped, 1 Total, 2-sec Throughput (Mb/s): 0.0299\nTotal time taken to upload(min) :0.0333\n, stderr: "}
{"level":"info","time":"2026-09-26T02:14:22.140+0530","caller":"storage/azure.go:122","msg":"File: C:\\Users\\ROHIN\\Downloads\\playwright\\hyperexecute-code-ec98f26d-a470-4de6-82ed-2ffb9a59860d.zip upload completed in 3.1581159s"}
{"level":"debug","time":"2026-09-26T02:14:22.141+0530","caller":"core/lifecycle.go:605","msg":"Successfully deleted code archive: C:\\Users\\ROHIN\\Downloads\\playwright\\hyperexecute-code-ec98f26d-a470-4de6-82ed-2ffb9a59860d.zip\n"}
{"level":"debug","time":"2026-09-26T02:14:22.142+0530","caller":"storage/azure.go:59","msg":"Payload size: 334 B, source path mask-ec98f26d-a470-4de6-82ed-2ffb9a59860d.yaml"}
{"level":"debug","time":"2026-09-26T02:14:25.325+0530","caller":"storage/azure.go:83","msg":"Azcopy output: \n\r100.0 %, 1 Done, 0 Failed, 0 Pending, 0 Skipped, 1 Total, 2-sec Throughput (Mb/s): 0.0013\nTotal time taken to upload(min) :0.0333\n, stderr: "}
{"level":"info","time":"2026-09-26T02:14:25.325+0530","caller":"storage/azure.go:122","msg":"File: mask-ec98f26d-a470-4de6-82ed-2ffb9a59860d.yaml upload completed in 3.1820499s"}
{"level":"debug","time":"2026-09-26T02:14:25.326+0530","caller":"httpclient/client.go:45","msg":"[DEBUG] POST https://api-hyperexecute.lambdatest.com/dispatcher/api/dispatcher"}
{"level":"info","time":"2026-09-26T02:14:26.544+0530","caller":"dispatchermanager/setup.go:94","msg":"Dispatch attempt to https://api-hyperexecute.lambdatest.com/dispatcher returned status 200"}
{"level":"debug","time":"2026-09-26T02:14:27.544+0530","caller":"jobmanager/sse_setup.go:192","msg":"Task id: HYPW-2752721-1790369065472134430KWJ"}
{"level":"debug","time":"2026-09-26T02:14:27.544+0530","caller":"jobmanager/sse_setup.go:193","msg":"Sending new task alert to stage manager for taskId: HYPW-2752721-1790369065472134430KWJ"}
{"level":"debug","time":"2026-09-26T02:14:57.545+0530","caller":"events/manager.go:356","msg":"No new messages received from SSE for jobID: ec98f26d-a470-4de6-82ed-2ffb9a59860d. Fetching from APIs"}
{"level":"info","time":"2026-09-26T02:14:58.314+0530","caller":"jobmanager/sse_setup.go:86","msg":"\nJob ec98f26d-a470-4de6-82ed-2ffb9a59860d has INITIATED"}
{"level":"info","time":"2026-09-26T02:14:58.317+0530","caller":"jobmanager/manager.go:136","msg":"Job Link: https://hyperexecute.lambdatest.com/hyperexecute/task?jobId=ec98f26d-a470-4de6-82ed-2ffb9a59860d\n"}
{"level":"debug","time":"2026-09-26T02:15:29.226+0530","caller":"events/manager.go:356","msg":"No new messages received from SSE for jobID: ec98f26d-a470-4de6-82ed-2ffb9a59860d. Fetching from APIs"}
{"level":"debug","time":"2026-09-26T02:16:01.490+0530","caller":"events/manager.go:356","msg":"No new messages received from SSE for jobID: ec98f26d-a470-4de6-82ed-2ffb9a59860d. Fetching from APIs"}
{"level":"debug","time":"2026-09-26T02:16:32.617+0530","caller":"events/manager.go:279","msg":"SSE connection completed. Reconnecting!!"}
{"level":"debug","time":"2026-09-26T02:16:33.230+0530","caller":"events/manager.go:356","msg":"No new messages received from SSE for jobID: ec98f26d-a470-4de6-82ed-2ffb9a59860d. Fetching from APIs"}
{"level":"debug","time":"2026-09-26T02:16:34.155+0530","caller":"events/manager.go:288","msg":"connection to hyperexecute server established successfully."}
{"level":"debug","time":"2026-09-26T02:17:05.012+0530","caller":"events/manager.go:356","msg":"No new messages received from SSE for jobID: ec98f26d-a470-4de6-82ed-2ffb9a59860d. Fetching from APIs"}
{"level":"debug","time":"2026-09-26T02:17:36.676+0530","caller":"events/manager.go:356","msg":"No new messages received from SSE for jobID: ec98f26d-a470-4de6-82ed-2ffb9a59860d. Fetching from APIs"}
{"level":"debug","time":"2026-09-26T02:18:08.469+0530","caller":"cmd/bin.go:138","msg":"cli os: windows, cli arch: amd64"}
{"level":"debug","time":"2026-09-26T02:18:08.470+0530","caller":"cmd/bin.go:139","msg":"Current binary version: 0.2.357, Environment: prod"}
{"level":"debug","time":"2026-09-26T02:18:08.566+0530","caller":"events/manager.go:356","msg":"No new messages received from SSE for jobID: ec98f26d-a470-4de6-82ed-2ffb9a59860d. Fetching from APIs"}
{"level":"debug","time":"2026-09-26T02:18:09.389+0530","caller":"cmd/bin.go:148","msg":"Upstream version details: {Name:cli Min:0.2.265 Max:0.2.357} "}
{"level":"info","time":"2026-09-26T02:18:09.392+0530","caller":"cmd/bin.go:196","msg":"Generating TraceID for tracking request: 01M3D56KCDS93EMRE8KFP8FXEX \n"}
{"level":"debug","time":"2026-09-26T02:18:12.667+0530","caller":"core/lifecycle.go:124","msg":"Setting environment"}
{"level":"debug","time":"2026-09-26T02:18:12.667+0530","caller":"core/lifecycle.go:127","msg":"Parsing config"}
{"level":"debug","time":"2026-09-26T02:18:12.667+0530","caller":"yamlconfigmanager/setup.go:746","msg":"Custom location for .hyperexecute.yaml specified. Using: C:\\Users\\ROHIN\\Downloads\\hyperexecute.yaml"}
{"level":"error","time":"2026-09-26T02:18:12.668+0530","caller":"core/lifecycle.go:132","msg":"2026-09-26T02:18:07+05:30    error    \u001b[91mERR::NO::HTY\u001b[0m     Unable to find hyperexecute config file.    No file found at location C:\\Users\\ROHIN\\Downloads\\hyperexecute.yaml"}
{"level":"debug","time":"2026-09-26T02:18:12.668+0530","caller":"core/lifecycle.go:76","msg":"Quit requested from main goroutine...."}
{"level":"debug","time":"2026-09-26T02:18:12.668+0530","caller":"core/lifecycle.go:77","msg":"Waiting for the goroutines to exit"}
{"level":"debug","time":"2026-09-26T02:18:12.668+0530","caller":"core/lifecycle.go:80","msg":"All lifecycle goroutines exited"}
{"level":"debug","time":"2026-09-26T02:18:12.668+0530","caller":"cmd/bin.go:348","msg":"main: all goroutines have finished."}
{"level":"debug","time":"2026-09-26T02:18:12.668+0530","caller":"cmd/bin.go:387","msg":"Exiting application due to error \u001b[91mERR::NO::HTY\u001b[0m     Unable to find hyperexecute config file.    No file found at location C:\\Users\\ROHIN\\Downloads\\hyperexecute.yaml"}
{"level":"debug","time":"2026-09-26T02:18:31.408+0530","caller":"cmd/bin.go:138","msg":"cli os: windows, cli arch: amd64"}
{"level":"debug","time":"2026-09-26T02:18:31.408+0530","caller":"cmd/bin.go:139","msg":"Current binary version: 0.2.357, Environment: prod"}
{"level":"debug","time":"2026-09-26T02:18:32.230+0530","caller":"cmd/bin.go:148","msg":"Upstream version details: {Name:cli Min:0.2.265 Max:0.2.357} "}
{"level":"info","time":"2026-09-26T02:18:32.230+0530","caller":"cmd/bin.go:196","msg":"Generating TraceID for tracking request: 01M3D579JXAPV8BGWE6WX8QNVK \n"}
{"level":"debug","time":"2026-09-26T02:18:34.437+0530","caller":"core/lifecycle.go:124","msg":"Setting environment"}
{"level":"debug","time":"2026-09-26T02:18:34.438+0530","caller":"core/lifecycle.go:127","msg":"Parsing config"}
{"level":"debug","time":"2026-09-26T02:18:34.438+0530","caller":"yamlconfigmanager/setup.go:746","msg":"Custom location for .hyperexecute.yaml specified. Using: hyperexecute.yaml"}
{"level":"debug","time":"2026-09-26T02:18:34.439+0530","caller":"yamlconfigmanager/setup.go:120","msg":"using hyperexecute config from : hyperexecute.yaml"}
{"level":"debug","time":"2026-09-26T02:18:34.440+0530","caller":"yamlconfigmanager/setup.go:2013","msg":"Environment variable not set against the variable - matrix.os mentioned in yaml"}
{"level":"debug","time":"2026-09-26T02:18:35.852+0530","caller":"yamlconfigmanager/setup.go:2250","msg":"Autodetecting test type in files of path : C:\\Users\\ROHIN\\Downloads\\playwright"}
{"level":"debug","time":"2026-09-26T02:18:35.852+0530","caller":"yamlconfigmanager/setup.go:2292","msg":"File in which test type is detected - C:\\Users\\ROHIN\\Downloads\\playwright/package.json"}
{"level":"debug","time":"2026-09-26T02:18:35.852+0530","caller":"yamlconfigmanager/setup.go:2293","msg":"Pre command in which test type is detected - npm list @playwright/test"}
{"level":"debug","time":"2026-09-26T02:18:35.852+0530","caller":"yamlconfigmanager/setup.go:526","msg":"Automatic test type detected - playwright"}
{"level":"debug","time":"2026-09-26T02:18:36.507+0530","caller":"yamlconfigmanager/setup.go:1675","msg":"dynamic discovery redirect: flag off, keeping mode=dynamic"}
{"level":"debug","time":"2026-09-26T02:18:36.507+0530","caller":"yamlconfigmanager/setup.go:570","msg":"Tunnel: false"}
{"level":"info","time":"2026-09-26T02:18:36.507+0530","caller":"models/HypertestYamlConfig.go:993","msg":"\n\u001b[4m\u001b[1m\u001b[97mExecution Plan\u001b[0m\u001b[22m\u001b[24m"}
{"level":"info","time":"2026-09-26T02:18:36.507+0530","caller":"models/HypertestYamlConfig.go:796","msg":"Mode:    \u001b[36mmatrix\u001b[0m"}
{"level":"info","time":"2026-09-26T02:18:36.507+0530","caller":"models/HypertestYamlConfig.go:854","msg":"Runson:    \u001b[36m${matrix.os}\u001b[0m"}
{"level":"info","time":"2026-09-26T02:18:36.508+0530","caller":"models/HypertestYamlConfig.go:926","msg":"Report:    \u001b[36mdisabled\u001b[0m"}
{"level":"info","time":"2026-09-26T02:18:36.508+0530","caller":"models/HypertestYamlConfig.go:958","msg":"Cache Directories:"}
{"level":"info","time":"2026-09-26T02:18:36.508+0530","caller":"models/HypertestYamlConfig.go:960","msg":"    \u001b[36mnode_modules\u001b[0m"}
{"level":"info","time":"2026-09-26T02:18:36.508+0530","caller":"models/HypertestYamlConfig.go:1006","msg":""}
{"level":"debug","time":"2026-09-26T02:18:36.508+0530","caller":"filevalidator/setup.go:50","msg":"Warning: Checking data.json file in current directory, no dataJsonPath found in .hyperexecute.yaml"}
{"level":"debug","time":"2026-09-26T02:18:36.508+0530","caller":"filevalidator/setup.go:54","msg":"Warning: data.json file doesn't exist"}
{"level":"debug","time":"2026-09-26T02:18:39.161+0530","caller":"events/manager.go:279","msg":"SSE connection completed. Reconnecting!!"}
{"level":"info","time":"2026-09-26T02:18:39.786+0530","caller":"core/lifecycle.go:318","msg":"\u001b[102m\u001b[1m\u001b[30mYou've consumed 5.00 % of your limit. Free trial mins left - 285.00\u001b[0m\u001b[22m\u001b[0m"}
{"level":"debug","time":"2026-09-26T02:18:39.787+0530","caller":"core/lifecycle.go:397","msg":"Job ID: 3cd99e26-afc6-4a66-8946-5e302b8044ff"}
{"level":"debug","time":"2026-09-26T02:18:39.787+0530","caller":"core/lifecycle.go:400","msg":"User - SwathyE, triggered job with ID 3cd99e26-afc6-4a66-8946-5e302b8044ff from CLI"}
{"level":"debug","time":"2026-09-26T02:18:39.787+0530","caller":"events/manager.go:97","msg":"Starting event manager"}
{"level":"debug","time":"2026-09-26T02:18:39.787+0530","caller":"core/lifecycle.go:403","msg":"User has provided playwright as test type for the job with ID 3cd99e26-afc6-4a66-8946-5e302b8044ff"}
{"level":"debug","time":"2026-09-26T02:18:39.787+0530","caller":"events/manager.go:99","msg":"SSE enabled, getting SSE connection"}
{"level":"debug","time":"2026-09-26T02:18:39.789+0530","caller":"archivemanager/setup.go:341","msg":"digestMap: map[]"}
{"level":"debug","time":"2026-09-26T02:18:39.789+0530","caller":"archivemanager/setup.go:347","msg":"Creating archive of target directory: C:\\Users\\ROHIN\\Downloads\\playwright"}
{"level":"debug","time":"2026-09-26T02:18:39.809+0530","caller":"core/lifecycle.go:554","msg":"Zip file size: 7.48 kB"}
{"level":"debug","time":"2026-09-26T02:18:39.809+0530","caller":"core/lifecycle.go:564","msg":"Archive location: C:\\Users\\ROHIN\\Downloads\\playwright\\hyperexecute-code-3cd99e26-afc6-4a66-8946-5e302b8044ff.zip\n"}
{"level":"debug","time":"2026-09-26T02:18:39.810+0530","caller":"receptionmanager/setup.go:441","msg":"number of entries in runtimes: 0, switching to new yaml format"}
{"level":"debug","time":"2026-09-26T02:18:39.810+0530","caller":"receptionmanager/setup.go:470","msg":"number of entries in partialreports: 0, switching to new yaml format"}
{"level":"debug","time":"2026-09-26T02:18:39.810+0530","caller":"receptionmanager/setup.go:221","msg":"policy enforce: feature flag off, skipping enforcement"}
{"level":"debug","time":"2026-09-26T02:18:39.811+0530","caller":"receptionmanager/setup.go:355","msg":"Uploading yaml : C:\\Users\\ROHIN\\Downloads\\playwright\\.updatedhyperexecute.yaml"}
{"level":"debug","time":"2026-09-26T02:18:39.811+0530","caller":"storage/azure.go:59","msg":"Payload size: 3.66 kB, source path C:\\Users\\ROHIN\\Downloads\\playwright\\.updatedhyperexecute.yaml"}
{"level":"debug","time":"2026-09-26T02:18:40.084+0530","caller":"events/manager.go:356","msg":"No new messages received from SSE for jobID: ec98f26d-a470-4de6-82ed-2ffb9a59860d. Fetching from APIs"}
{"level":"debug","time":"2026-09-26T02:18:40.319+0530","caller":"events/manager.go:288","msg":"connection to hyperexecute server established successfully."}
{"level":"debug","time":"2026-09-26T02:18:41.107+0530","caller":"events/manager.go:288","msg":"connection to hyperexecute server established successfully."}
{"level":"debug","time":"2026-09-26T02:18:43.162+0530","caller":"storage/azure.go:83","msg":"Azcopy output: \n\r100.0 %, 1 Done, 0 Failed, 0 Pending, 0 Skipped, 1 Total, 2-sec Throughput (Mb/s): 0.0146\nTotal time taken to upload(min) :0.0333\n, stderr: "}
{"level":"info","time":"2026-09-26T02:18:43.162+0530","caller":"storage/azure.go:122","msg":"File: C:\\Users\\ROHIN\\Downloads\\playwright\\.updatedhyperexecute.yaml upload completed in 3.3512338s"}
{"level":"debug","time":"2026-09-26T02:18:43.163+0530","caller":"storage/azure.go:59","msg":"Payload size: 7.48 kB, source path C:\\Users\\ROHIN\\Downloads\\playwright\\hyperexecute-code-3cd99e26-afc6-4a66-8946-5e302b8044ff.zip"}
{"level":"debug","time":"2026-09-26T02:18:46.359+0530","caller":"storage/azure.go:83","msg":"Azcopy output: \n\r100.0 %, 1 Done, 0 Failed, 0 Pending, 0 Skipped, 1 Total, 2-sec Throughput (Mb/s): 0.0299\nTotal time taken to upload(min) :0.0333\n, stderr: "}
{"level":"info","time":"2026-09-26T02:18:46.359+0530","caller":"storage/azure.go:122","msg":"File: C:\\Users\\ROHIN\\Downloads\\playwright\\hyperexecute-code-3cd99e26-afc6-4a66-8946-5e302b8044ff.zip upload completed in 3.1963738s"}
{"level":"debug","time":"2026-09-26T02:18:46.360+0530","caller":"core/lifecycle.go:605","msg":"Successfully deleted code archive: C:\\Users\\ROHIN\\Downloads\\playwright\\hyperexecute-code-3cd99e26-afc6-4a66-8946-5e302b8044ff.zip\n"}
{"level":"debug","time":"2026-09-26T02:18:46.362+0530","caller":"storage/azure.go:59","msg":"Payload size: 337 B, source path mask-3cd99e26-afc6-4a66-8946-5e302b8044ff.yaml"}
{"level":"debug","time":"2026-09-26T02:18:49.524+0530","caller":"storage/azure.go:83","msg":"Azcopy output: \n\r100.0 %, 1 Done, 0 Failed, 0 Pending, 0 Skipped, 1 Total, 2-sec Throughput (Mb/s): 0.0013\nTotal time taken to upload(min) :0.0333\n, stderr: "}
{"level":"info","time":"2026-09-26T02:18:49.524+0530","caller":"storage/azure.go:122","msg":"File: mask-3cd99e26-afc6-4a66-8946-5e302b8044ff.yaml upload completed in 3.1625475s"}
{"level":"debug","time":"2026-09-26T02:18:49.525+0530","caller":"httpclient/client.go:45","msg":"[DEBUG] POST https://api-hyperexecute.lambdatest.com/dispatcher/api/dispatcher"}
{"level":"info","time":"2026-09-26T02:18:50.808+0530","caller":"dispatchermanager/setup.go:94","msg":"Dispatch attempt to https://api-hyperexecute.lambdatest.com/dispatcher returned status 200"}
{"level":"debug","time":"2026-09-26T02:18:51.820+0530","caller":"jobmanager/sse_setup.go:192","msg":"Task id: HYPW-2752721-1790369329668241059GVC"}
{"level":"debug","time":"2026-09-26T02:18:51.820+0530","caller":"jobmanager/sse_setup.go:193","msg":"Sending new task alert to stage manager for taskId: HYPW-2752721-1790369329668241059GVC"}
{"level":"debug","time":"2026-09-26T02:19:11.457+0530","caller":"events/manager.go:356","msg":"No new messages received from SSE for jobID: ec98f26d-a470-4de6-82ed-2ffb9a59860d. Fetching from APIs"}
{"level":"debug","time":"2026-09-26T02:19:21.820+0530","caller":"events/manager.go:356","msg":"No new messages received from SSE for jobID: 3cd99e26-afc6-4a66-8946-5e302b8044ff. Fetching from APIs"}
{"level":"info","time":"2026-09-26T02:19:22.711+0530","caller":"jobmanager/sse_setup.go:86","msg":"\nJob 3cd99e26-afc6-4a66-8946-5e302b8044ff has INITIATED"}
{"level":"info","time":"2026-09-26T02:19:22.711+0530","caller":"jobmanager/manager.go:136","msg":"Job Link: https://hyperexecute.lambdatest.com/hyperexecute/task?jobId=3cd99e26-afc6-4a66-8946-5e302b8044ff\n"}
{"level":"debug","time":"2026-09-26T02:19:43.189+0530","caller":"events/manager.go:356","msg":"No new messages received from SSE for jobID: ec98f26d-a470-4de6-82ed-2ffb9a59860d. Fetching from APIs"}
{"level":"debug","time":"2026-09-26T02:19:53.461+0530","caller":"events/manager.go:356","msg":"No new messages received from SSE for jobID: 3cd99e26-afc6-4a66-8946-5e302b8044ff. Fetching from APIs"}
{"level":"debug","time":"2026-09-26T02:20:14.764+0530","caller":"events/manager.go:356","msg":"No new messages received from SSE for jobID: ec98f26d-a470-4de6-82ed-2ffb9a59860d. Fetching from APIs"}
{"level":"debug","time":"2026-09-26T02:20:25.183+0530","caller":"events/manager.go:356","msg":"No new messages received from SSE for jobID: 3cd99e26-afc6-4a66-8946-5e302b8044ff. Fetching from APIs"}
{"level":"debug","time":"2026-09-26T02:20:28.544+0530","caller":"cmd/bin.go:356","msg":"main: received C-c - attempting graceful shutdown ...."}
{"level":"debug","time":"2026-09-26T02:20:28.544+0530","caller":"cmd/bin.go:357","msg":"Sending abort job signal to sentinel"}
{"level":"debug","time":"2026-09-26T02:20:28.544+0530","caller":"cmd/bin.go:363","msg":"Sending request to abort job"}
{"level":"debug","time":"2026-09-26T02:20:30.607+0530","caller":"cmd/bin.go:372","msg":"main: telling goroutines to stop"}
{"level":"error","time":"2026-09-26T02:20:30.607+0530","caller":"jobmanager/sse_setup.go:104","msg":"2026-09-26T02:14:02+05:30    error    ERR::JOB::STS     Job aborted!"}
{"level":"debug","time":"2026-09-26T02:20:30.608+0530","caller":"jobmanager/sse_setup.go:134","msg":"\n\nJob status"}
{"level":"info","time":"2026-09-26T02:20:30.607+0530","caller":"events/manager.go:338","msg":"context done and stopping SSE"}
{"level":"debug","time":"2026-09-26T02:20:30.613+0530","caller":"events/manager.go:256","msg":"Stopping event manager"}
{"level":"info","time":"2026-09-26T02:20:31.513+0530","caller":"jobmanager/JobSummaryManager.go:54","msg":"\n ABORTED \n"}
{"level":"info","time":"2026-09-26T02:20:31.531+0530","caller":"jobmanager/JobSummaryManager.go:113","msg":"    Test Execution Time:                  "}
{"level":"info","time":"2026-09-26T02:20:31.532+0530","caller":"jobmanager/JobSummaryManager.go:113","msg":"    Job Duration Time:                    0s"}
{"level":"info","time":"2026-09-26T02:20:31.534+0530","caller":"jobmanager/JobSummaryManager.go:113","msg":"    Total Tasks:                          0"}
{"level":"info","time":"2026-09-26T02:20:31.540+0530","caller":"jobmanager/JobSummaryManager.go:113","msg":"    Cumulative Time Consumed:             0s"}
{"level":"info","time":"2026-09-26T02:20:31.543+0530","caller":"jobmanager/JobSummaryManager.go:113","msg":"    Total Stages:                         0"}
{"level":"info","time":"2026-09-26T02:20:31.543+0530","caller":"jobmanager/JobSummaryManager.go:113","msg":"    Pass discovery stage percentage:      0.00%"}
{"level":"info","time":"2026-09-26T02:20:31.543+0530","caller":"jobmanager/JobSummaryManager.go:113","msg":"    Failed discovery stage percentage:    0.00%"}
{"level":"info","time":"2026-09-26T02:20:31.544+0530","caller":"jobmanager/JobSummaryManager.go:113","msg":"    Pass pre stage percentage:            0.00%"}
{"level":"info","time":"2026-09-26T02:20:31.544+0530","caller":"jobmanager/JobSummaryManager.go:113","msg":"    Failed pre stage percentage:          0.00%"}
{"level":"info","time":"2026-09-26T02:20:31.544+0530","caller":"jobmanager/JobSummaryManager.go:113","msg":"    Pass test stage percentage:           0.00%"}
{"level":"info","time":"2026-09-26T02:20:31.544+0530","caller":"jobmanager/JobSummaryManager.go:113","msg":"    Failed test stage percentage:         0.00%"}
{"level":"info","time":"2026-09-26T02:20:31.544+0530","caller":"jobmanager/JobSummaryManager.go:113","msg":"    Pass post stage percentage:           0.00%"}
{"level":"info","time":"2026-09-26T02:20:31.544+0530","caller":"jobmanager/JobSummaryManager.go:113","msg":"    Failed post stage percentage:         0.00%"}
{"level":"info","time":"2026-09-26T02:20:31.544+0530","caller":"jobmanager/JobSummaryManager.go:113","msg":"    Failed Tasks:                         0"}
{"level":"info","time":"2026-09-26T02:20:31.544+0530","caller":"jobmanager/JobSummaryManager.go:58","msg":""}
{"level":"debug","time":"2026-09-26T02:20:31.547+0530","caller":"core/lifecycle.go:821","msg":"Context canceled"}
{"level":"info","time":"2026-09-26T02:20:31.548+0530","caller":"core/lifecycle.go:824","msg":"Stopping pipeline gracefully"}
{"level":"error","time":"2026-09-26T02:20:31.548+0530","caller":"core/lifecycle.go:827","msg":"2026-09-26T02:14:02+05:30    error    Exiting with error: Job aborted."}
{"level":"info","time":"2026-09-26T02:20:31.548+0530","caller":"jobmanager/manager.go:136","msg":"Job Link: https://hyperexecute.lambdatest.com/hyperexecute/task?jobId=ec98f26d-a470-4de6-82ed-2ffb9a59860d\n"}
{"level":"debug","time":"2026-09-26T02:20:31.548+0530","caller":"core/lifecycle.go:76","msg":"Quit requested from main goroutine...."}
{"level":"debug","time":"2026-09-26T02:20:31.548+0530","caller":"core/lifecycle.go:77","msg":"Waiting for the goroutines to exit"}
{"level":"debug","time":"2026-09-26T02:20:31.548+0530","caller":"core/lifecycle.go:80","msg":"All lifecycle goroutines exited"}
{"level":"debug","time":"2026-09-26T02:20:31.620+0530","caller":"cmd/bin.go:356","msg":"main: received C-c - attempting graceful shutdown ...."}
{"level":"debug","time":"2026-09-26T02:20:31.623+0530","caller":"cmd/bin.go:357","msg":"Sending abort job signal to sentinel"}
{"level":"debug","time":"2026-09-26T02:20:31.623+0530","caller":"cmd/bin.go:363","msg":"Sending request to abort job"}
{"level":"debug","time":"2026-09-26T02:20:33.597+0530","caller":"cmd/bin.go:372","msg":"main: telling goroutines to stop"}
{"level":"info","time":"2026-09-26T02:20:33.597+0530","caller":"events/manager.go:338","msg":"context done and stopping SSE"}
{"level":"debug","time":"2026-09-26T02:20:33.597+0530","caller":"events/manager.go:256","msg":"Stopping event manager"}
{"level":"debug","time":"2026-09-26T02:20:46.432+0530","caller":"cmd/bin.go:138","msg":"cli os: windows, cli arch: amd64"}
{"level":"debug","time":"2026-09-26T02:20:46.433+0530","caller":"cmd/bin.go:139","msg":"Current binary version: 0.2.357, Environment: prod"}
{"level":"debug","time":"2026-09-26T02:20:47.106+0530","caller":"cmd/bin.go:148","msg":"Upstream version details: {Name:cli Min:0.2.265 Max:0.2.357} "}
{"level":"info","time":"2026-09-26T02:20:47.106+0530","caller":"cmd/bin.go:196","msg":"Generating TraceID for tracking request: 01M3D5BDS1PHSD359N5GNWC1NM \n"}
{"level":"debug","time":"2026-09-26T02:20:50.678+0530","caller":"core/lifecycle.go:124","msg":"Setting environment"}
{"level":"debug","time":"2026-09-26T02:20:50.679+0530","caller":"core/lifecycle.go:127","msg":"Parsing config"}
{"level":"debug","time":"2026-09-26T02:20:50.679+0530","caller":"yamlconfigmanager/setup.go:746","msg":"Custom location for .hyperexecute.yaml specified. Using: hyperexecute.yaml"}
{"level":"debug","time":"2026-09-26T02:20:50.679+0530","caller":"yamlconfigmanager/setup.go:120","msg":"using hyperexecute config from : hyperexecute.yaml"}
{"level":"debug","time":"2026-09-26T02:20:50.681+0530","caller":"yamlconfigmanager/setup.go:2013","msg":"Environment variable not set against the variable - matrix.os mentioned in yaml"}
{"level":"debug","time":"2026-09-26T02:20:52.419+0530","caller":"yamlconfigmanager/setup.go:2250","msg":"Autodetecting test type in files of path : C:\\Users\\ROHIN\\Downloads\\playwright"}
{"level":"debug","time":"2026-09-26T02:20:52.419+0530","caller":"yamlconfigmanager/setup.go:2292","msg":"File in which test type is detected - C:\\Users\\ROHIN\\Downloads\\playwright/package.json"}
{"level":"debug","time":"2026-09-26T02:20:52.419+0530","caller":"yamlconfigmanager/setup.go:2293","msg":"Pre command in which test type is detected - npm list @playwright/test"}
{"level":"debug","time":"2026-09-26T02:20:52.419+0530","caller":"yamlconfigmanager/setup.go:526","msg":"Automatic test type detected - playwright"}
{"level":"debug","time":"2026-09-26T02:20:53.259+0530","caller":"yamlconfigmanager/setup.go:1675","msg":"dynamic discovery redirect: flag off, keeping mode=dynamic"}
{"level":"debug","time":"2026-09-26T02:20:53.259+0530","caller":"yamlconfigmanager/setup.go:570","msg":"Tunnel: false"}
{"level":"info","time":"2026-09-26T02:20:53.259+0530","caller":"models/HypertestYamlConfig.go:993","msg":"\n\u001b[4m\u001b[1m\u001b[97mExecution Plan\u001b[0m\u001b[22m\u001b[24m"}
{"level":"info","time":"2026-09-26T02:20:53.260+0530","caller":"models/HypertestYamlConfig.go:796","msg":"Mode:    \u001b[36mmatrix\u001b[0m"}
{"level":"info","time":"2026-09-26T02:20:53.260+0530","caller":"models/HypertestYamlConfig.go:854","msg":"Runson:    \u001b[36m${matrix.os}\u001b[0m"}
{"level":"info","time":"2026-09-26T02:20:53.260+0530","caller":"models/HypertestYamlConfig.go:926","msg":"Report:    \u001b[36mdisabled\u001b[0m"}
{"level":"info","time":"2026-09-26T02:20:53.260+0530","caller":"models/HypertestYamlConfig.go:958","msg":"Cache Directories:"}
{"level":"info","time":"2026-09-26T02:20:53.260+0530","caller":"models/HypertestYamlConfig.go:960","msg":"    \u001b[36mnode_modules\u001b[0m"}
{"level":"info","time":"2026-09-26T02:20:53.260+0530","caller":"models/HypertestYamlConfig.go:1006","msg":""}
{"level":"debug","time":"2026-09-26T02:20:53.260+0530","caller":"filevalidator/setup.go:50","msg":"Warning: Checking data.json file in current directory, no dataJsonPath found in .hyperexecute.yaml"}
{"level":"debug","time":"2026-09-26T02:20:53.260+0530","caller":"filevalidator/setup.go:54","msg":"Warning: data.json file doesn't exist"}
{"level":"info","time":"2026-09-26T02:20:56.724+0530","caller":"core/lifecycle.go:318","msg":"\u001b[102m\u001b[1m\u001b[30mYou've consumed 5.00 % of your limit. Free trial mins left - 285.00\u001b[0m\u001b[22m\u001b[0m"}
{"level":"debug","time":"2026-09-26T02:20:56.725+0530","caller":"core/lifecycle.go:397","msg":"Job ID: ab58ab58-c542-416e-93e1-acb57c8d723e"}
{"level":"debug","time":"2026-09-26T02:20:56.725+0530","caller":"core/lifecycle.go:400","msg":"User - SwathyE, triggered job with ID ab58ab58-c542-416e-93e1-acb57c8d723e from CLI"}
{"level":"debug","time":"2026-09-26T02:20:56.725+0530","caller":"core/lifecycle.go:403","msg":"User has provided playwright as test type for the job with ID ab58ab58-c542-416e-93e1-acb57c8d723e"}
{"level":"debug","time":"2026-09-26T02:20:56.727+0530","caller":"events/manager.go:97","msg":"Starting event manager"}
{"level":"debug","time":"2026-09-26T02:20:56.727+0530","caller":"events/manager.go:99","msg":"SSE enabled, getting SSE connection"}
{"level":"debug","time":"2026-09-26T02:20:56.731+0530","caller":"archivemanager/setup.go:341","msg":"digestMap: map[]"}
{"level":"debug","time":"2026-09-26T02:20:56.731+0530","caller":"archivemanager/setup.go:347","msg":"Creating archive of target directory: C:\\Users\\ROHIN\\Downloads\\playwright"}
{"level":"debug","time":"2026-09-26T02:20:56.745+0530","caller":"core/lifecycle.go:554","msg":"Zip file size: 7.47 kB"}
{"level":"debug","time":"2026-09-26T02:20:56.745+0530","caller":"core/lifecycle.go:564","msg":"Archive location: C:\\Users\\ROHIN\\Downloads\\playwright\\hyperexecute-code-ab58ab58-c542-416e-93e1-acb57c8d723e.zip\n"}
{"level":"debug","time":"2026-09-26T02:20:56.746+0530","caller":"receptionmanager/setup.go:441","msg":"number of entries in runtimes: 0, switching to new yaml format"}
{"level":"debug","time":"2026-09-26T02:20:56.746+0530","caller":"receptionmanager/setup.go:470","msg":"number of entries in partialreports: 0, switching to new yaml format"}
{"level":"debug","time":"2026-09-26T02:20:56.746+0530","caller":"receptionmanager/setup.go:221","msg":"policy enforce: feature flag off, skipping enforcement"}
{"level":"debug","time":"2026-09-26T02:20:56.749+0530","caller":"receptionmanager/setup.go:355","msg":"Uploading yaml : C:\\Users\\ROHIN\\Downloads\\playwright\\.updatedhyperexecute.yaml"}
{"level":"debug","time":"2026-09-26T02:20:56.749+0530","caller":"storage/azure.go:59","msg":"Payload size: 3.66 kB, source path C:\\Users\\ROHIN\\Downloads\\playwright\\.updatedhyperexecute.yaml"}
{"level":"debug","time":"2026-09-26T02:20:57.946+0530","caller":"events/manager.go:288","msg":"connection to hyperexecute server established successfully."}
{"level":"debug","time":"2026-09-26T02:21:00.050+0530","caller":"storage/azure.go:83","msg":"Azcopy output: \n\r100.0 %, 1 Done, 0 Failed, 0 Pending, 0 Skipped, 1 Total, 2-sec Throughput (Mb/s): 0.0146\nTotal time taken to upload(min) :0.0333\n, stderr: "}
{"level":"info","time":"2026-09-26T02:21:00.050+0530","caller":"storage/azure.go:122","msg":"File: C:\\Users\\ROHIN\\Downloads\\playwright\\.updatedhyperexecute.yaml upload completed in 3.3010923s"}
{"level":"debug","time":"2026-09-26T02:21:00.051+0530","caller":"storage/azure.go:59","msg":"Payload size: 7.47 kB, source path C:\\Users\\ROHIN\\Downloads\\playwright\\hyperexecute-code-ab58ab58-c542-416e-93e1-acb57c8d723e.zip"}
{"level":"debug","time":"2026-09-26T02:21:03.150+0530","caller":"storage/azure.go:83","msg":"Azcopy output: \n\r100.0 %, 1 Done, 0 Failed, 0 Pending, 0 Skipped, 1 Total, 2-sec Throughput (Mb/s): 0.0299\nTotal time taken to upload(min) :0.0333\n, stderr: "}
{"level":"info","time":"2026-09-26T02:21:03.150+0530","caller":"storage/azure.go:122","msg":"File: C:\\Users\\ROHIN\\Downloads\\playwright\\hyperexecute-code-ab58ab58-c542-416e-93e1-acb57c8d723e.zip upload completed in 3.0995097s"}
{"level":"debug","time":"2026-09-26T02:21:03.151+0530","caller":"core/lifecycle.go:605","msg":"Successfully deleted code archive: C:\\Users\\ROHIN\\Downloads\\playwright\\hyperexecute-code-ab58ab58-c542-416e-93e1-acb57c8d723e.zip\n"}
{"level":"debug","time":"2026-09-26T02:21:03.152+0530","caller":"storage/azure.go:59","msg":"Payload size: 337 B, source path mask-ab58ab58-c542-416e-93e1-acb57c8d723e.yaml"}
{"level":"debug","time":"2026-09-26T02:21:06.270+0530","caller":"storage/azure.go:83","msg":"Azcopy output: \n\r100.0 %, 1 Done, 0 Failed, 0 Pending, 0 Skipped, 1 Total, 2-sec Throughput (Mb/s): 0.0013\nTotal time taken to upload(min) :0.0333\n, stderr: "}
{"level":"info","time":"2026-09-26T02:21:06.270+0530","caller":"storage/azure.go:122","msg":"File: mask-ab58ab58-c542-416e-93e1-acb57c8d723e.yaml upload completed in 3.1175766s"}
{"level":"debug","time":"2026-09-26T02:21:06.271+0530","caller":"httpclient/client.go:45","msg":"[DEBUG] POST https://api-hyperexecute.lambdatest.com/dispatcher/api/dispatcher"}
{"level":"info","time":"2026-09-26T02:21:07.670+0530","caller":"dispatchermanager/setup.go:94","msg":"Dispatch attempt to https://api-hyperexecute.lambdatest.com/dispatcher returned status 200"}
{"level":"debug","time":"2026-09-26T02:21:08.598+0530","caller":"jobmanager/sse_setup.go:192","msg":"Task id: HYPW-2752721-1790369466470555723ZIF"}
{"level":"debug","time":"2026-09-26T02:21:08.598+0530","caller":"jobmanager/sse_setup.go:193","msg":"Sending new task alert to stage manager for taskId: HYPW-2752721-1790369466470555723ZIF"}
{"level":"debug","time":"2026-09-26T02:21:38.599+0530","caller":"events/manager.go:356","msg":"No new messages received from SSE for jobID: ab58ab58-c542-416e-93e1-acb57c8d723e. Fetching from APIs"}
{"level":"info","time":"2026-09-26T02:21:39.523+0530","caller":"jobmanager/sse_setup.go:86","msg":"\nJob ab58ab58-c542-416e-93e1-acb57c8d723e has INITIATED"}
{"level":"info","time":"2026-09-26T02:21:39.524+0530","caller":"jobmanager/manager.go:136","msg":"Job Link: https://hyperexecute.lambdatest.com/hyperexecute/task?jobId=ab58ab58-c542-416e-93e1-acb57c8d723e\n"}
{"level":"debug","time":"2026-09-26T02:22:10.445+0530","caller":"events/manager.go:356","msg":"No new messages received from SSE for jobID: ab58ab58-c542-416e-93e1-acb57c8d723e. Fetching from APIs"}
{"level":"debug","time":"2026-09-26T02:22:42.125+0530","caller":"events/manager.go:356","msg":"No new messages received from SSE for jobID: ab58ab58-c542-416e-93e1-acb57c8d723e. Fetching from APIs"}
{"level":"debug","time":"2026-09-26T02:22:44.428+0530","caller":"cmd/bin.go:356","msg":"main: received C-c - attempting graceful shutdown ...."}
{"level":"debug","time":"2026-09-26T02:22:44.428+0530","caller":"cmd/bin.go:357","msg":"Sending abort job signal to sentinel"}
{"level":"debug","time":"2026-09-26T02:22:44.428+0530","caller":"cmd/bin.go:363","msg":"Sending request to abort job"}
{"level":"debug","time":"2026-09-26T02:22:46.495+0530","caller":"cmd/bin.go:372","msg":"main: telling goroutines to stop"}
{"level":"info","time":"2026-09-26T02:22:46.495+0530","caller":"events/manager.go:338","msg":"context done and stopping SSE"}
{"level":"debug","time":"2026-09-26T02:22:46.495+0530","caller":"events/manager.go:256","msg":"Stopping event manager"}
{"level":"debug","time":"2026-09-26T02:26:19.813+0530","caller":"cmd/bin.go:138","msg":"cli os: windows, cli arch: amd64"}
{"level":"debug","time":"2026-09-26T02:26:19.813+0530","caller":"cmd/bin.go:139","msg":"Current binary version: 0.2.357, Environment: prod"}
{"level":"debug","time":"2026-09-26T02:26:20.624+0530","caller":"cmd/bin.go:148","msg":"Upstream version details: {Name:cli Min:0.2.265 Max:0.2.357} "}
{"level":"info","time":"2026-09-26T02:26:20.624+0530","caller":"cmd/bin.go:196","msg":"Generating TraceID for tracking request: 01M3D5NK7H6PW3EBTK9RWY710R \n"}
{"level":"debug","time":"2026-09-26T02:26:25.027+0530","caller":"core/lifecycle.go:124","msg":"Setting environment"}
{"level":"debug","time":"2026-09-26T02:26:25.027+0530","caller":"core/lifecycle.go:127","msg":"Parsing config"}
{"level":"debug","time":"2026-09-26T02:26:25.027+0530","caller":"yamlconfigmanager/setup.go:746","msg":"Custom location for .hyperexecute.yaml specified. Using: hyperexecute.yaml"}
{"level":"debug","time":"2026-09-26T02:26:25.027+0530","caller":"yamlconfigmanager/setup.go:120","msg":"using hyperexecute config from : hyperexecute.yaml"}
{"level":"debug","time":"2026-09-26T02:26:25.032+0530","caller":"yamlconfigmanager/setup.go:2013","msg":"Environment variable not set against the variable - matrix.os mentioned in yaml"}
{"level":"debug","time":"2026-09-26T02:26:26.871+0530","caller":"yamlconfigmanager/setup.go:2250","msg":"Autodetecting test type in files of path : C:\\Users\\ROHIN\\Downloads\\playwright"}
{"level":"debug","time":"2026-09-26T02:26:26.871+0530","caller":"yamlconfigmanager/setup.go:2292","msg":"File in which test type is detected - C:\\Users\\ROHIN\\Downloads\\playwright/package.json"}
{"level":"debug","time":"2026-09-26T02:26:26.871+0530","caller":"yamlconfigmanager/setup.go:2293","msg":"Pre command in which test type is detected - npm list @playwright/test"}
{"level":"debug","time":"2026-09-26T02:26:26.871+0530","caller":"yamlconfigmanager/setup.go:526","msg":"Automatic test type detected - playwright"}
{"level":"debug","time":"2026-09-26T02:26:27.791+0530","caller":"yamlconfigmanager/setup.go:1675","msg":"dynamic discovery redirect: flag off, keeping mode=dynamic"}
{"level":"debug","time":"2026-09-26T02:26:27.791+0530","caller":"yamlconfigmanager/setup.go:570","msg":"Tunnel: false"}
{"level":"info","time":"2026-09-26T02:26:27.791+0530","caller":"models/HypertestYamlConfig.go:993","msg":"\n\u001b[4m\u001b[1m\u001b[97mExecution Plan\u001b[0m\u001b[22m\u001b[24m"}
{"level":"info","time":"2026-09-26T02:26:27.791+0530","caller":"models/HypertestYamlConfig.go:796","msg":"Mode:    \u001b[36mmatrix\u001b[0m"}
{"level":"info","time":"2026-09-26T02:26:27.791+0530","caller":"models/HypertestYamlConfig.go:854","msg":"Runson:    \u001b[36m${matrix.os}\u001b[0m"}
{"level":"info","time":"2026-09-26T02:26:27.792+0530","caller":"models/HypertestYamlConfig.go:926","msg":"Report:    \u001b[36mdisabled\u001b[0m"}
{"level":"info","time":"2026-09-26T02:26:27.792+0530","caller":"models/HypertestYamlConfig.go:958","msg":"Cache Directories:"}
{"level":"info","time":"2026-09-26T02:26:27.792+0530","caller":"models/HypertestYamlConfig.go:960","msg":"    \u001b[36mnode_modules\u001b[0m"}
{"level":"info","time":"2026-09-26T02:26:27.792+0530","caller":"models/HypertestYamlConfig.go:1006","msg":""}
{"level":"debug","time":"2026-09-26T02:26:27.792+0530","caller":"filevalidator/setup.go:50","msg":"Warning: Checking data.json file in current directory, no dataJsonPath found in .hyperexecute.yaml"}
{"level":"debug","time":"2026-09-26T02:26:27.792+0530","caller":"filevalidator/setup.go:54","msg":"Warning: data.json file doesn't exist"}
{"level":"info","time":"2026-09-26T02:26:32.194+0530","caller":"core/lifecycle.go:318","msg":"\u001b[102m\u001b[1m\u001b[30mYou've consumed 5.00 % of your limit. Free trial mins left - 285.00\u001b[0m\u001b[22m\u001b[0m"}
{"level":"debug","time":"2026-09-26T02:26:32.194+0530","caller":"core/lifecycle.go:397","msg":"Job ID: 6b23a374-0a51-4f88-aa68-22f6cb9d9170"}
{"level":"debug","time":"2026-09-26T02:26:32.194+0530","caller":"core/lifecycle.go:400","msg":"User - SwathyE, triggered job with ID 6b23a374-0a51-4f88-aa68-22f6cb9d9170 from CLI"}
{"level":"debug","time":"2026-09-26T02:26:32.194+0530","caller":"core/lifecycle.go:403","msg":"User has provided playwright as test type for the job with ID 6b23a374-0a51-4f88-aa68-22f6cb9d9170"}
{"level":"debug","time":"2026-09-26T02:26:32.194+0530","caller":"events/manager.go:97","msg":"Starting event manager"}
{"level":"debug","time":"2026-09-26T02:26:32.194+0530","caller":"events/manager.go:99","msg":"SSE enabled, getting SSE connection"}
{"level":"debug","time":"2026-09-26T02:26:32.196+0530","caller":"archivemanager/setup.go:341","msg":"digestMap: map[]"}
{"level":"debug","time":"2026-09-26T02:26:32.196+0530","caller":"archivemanager/setup.go:347","msg":"Creating archive of target directory: C:\\Users\\ROHIN\\Downloads\\playwright"}
{"level":"debug","time":"2026-09-26T02:26:32.208+0530","caller":"core/lifecycle.go:554","msg":"Zip file size: 7.65 kB"}
{"level":"debug","time":"2026-09-26T02:26:32.209+0530","caller":"core/lifecycle.go:564","msg":"Archive location: C:\\Users\\ROHIN\\Downloads\\playwright\\hyperexecute-code-6b23a374-0a51-4f88-aa68-22f6cb9d9170.zip\n"}
{"level":"debug","time":"2026-09-26T02:26:32.210+0530","caller":"receptionmanager/setup.go:441","msg":"number of entries in runtimes: 0, switching to new yaml format"}
{"level":"debug","time":"2026-09-26T02:26:32.210+0530","caller":"receptionmanager/setup.go:470","msg":"number of entries in partialreports: 0, switching to new yaml format"}
{"level":"debug","time":"2026-09-26T02:26:32.210+0530","caller":"receptionmanager/setup.go:221","msg":"policy enforce: feature flag off, skipping enforcement"}
{"level":"debug","time":"2026-09-26T02:26:32.211+0530","caller":"receptionmanager/setup.go:355","msg":"Uploading yaml : C:\\Users\\ROHIN\\Downloads\\playwright\\.updatedhyperexecute.yaml"}
{"level":"debug","time":"2026-09-26T02:26:32.212+0530","caller":"storage/azure.go:59","msg":"Payload size: 3.66 kB, source path C:\\Users\\ROHIN\\Downloads\\playwright\\.updatedhyperexecute.yaml"}
{"level":"debug","time":"2026-09-26T02:26:33.420+0530","caller":"events/manager.go:288","msg":"connection to hyperexecute server established successfully."}
{"level":"debug","time":"2026-09-26T02:26:35.526+0530","caller":"storage/azure.go:83","msg":"Azcopy output: \nINFO: Cancellation requested. Beginning clean shutdown...\n\nerror occurred while cancelling the job b1bdd44b-49b6-ed44-5146-b6a6631e5c91: Can't cancel JobID=b1bdd44b-49b6-ed44-5146-b6a6631e5c91 because it has already completed\n, stderr: "}
{"level":"debug","time":"2026-09-26T02:26:35.536+0530","caller":"storage/azure.go:91","msg":"Dependency failed with error exit status 0xc000013a, falling back to block upload"}
{"level":"debug","time":"2026-09-26T02:26:35.536+0530","caller":"cmd/bin.go:356","msg":"main: received C-c - attempting graceful shutdown ...."}
{"level":"debug","time":"2026-09-26T02:26:35.536+0530","caller":"cmd/bin.go:357","msg":"Sending abort job signal to sentinel"}
{"level":"debug","time":"2026-09-26T02:26:35.536+0530","caller":"cmd/bin.go:363","msg":"Sending request to abort job"}
{"level":"info","time":"2026-09-26T02:26:36.447+0530","caller":"storage/azure.go:122","msg":"File: C:\\Users\\ROHIN\\Downloads\\playwright\\.updatedhyperexecute.yaml upload completed in 4.235803s"}
{"level":"debug","time":"2026-09-26T02:26:36.448+0530","caller":"storage/azure.go:59","msg":"Payload size: 7.65 kB, source path C:\\Users\\ROHIN\\Downloads\\playwright\\hyperexecute-code-6b23a374-0a51-4f88-aa68-22f6cb9d9170.zip"}
{"level":"debug","time":"2026-09-26T02:26:37.463+0530","caller":"cmd/bin.go:372","msg":"main: telling goroutines to stop"}
{"level":"info","time":"2026-09-26T02:26:37.463+0530","caller":"events/manager.go:338","msg":"context done and stopping SSE"}
{"level":"debug","time":"2026-09-26T02:26:37.463+0530","caller":"events/manager.go:256","msg":"Stopping event manager"}
{"level":"debug","time":"2026-09-26T02:26:37.475+0530","caller":"storage/azure.go:83","msg":"Azcopy output: , stderr: "}
{"level":"info","time":"2026-09-26T02:26:37.475+0530","caller":"storage/azure.go:122","msg":"File: C:\\Users\\ROHIN\\Downloads\\playwright\\hyperexecute-code-6b23a374-0a51-4f88-aa68-22f6cb9d9170.zip upload completed in 1.0277367s"}
{"level":"debug","time":"2026-09-26T02:26:37.477+0530","caller":"core/lifecycle.go:605","msg":"Successfully deleted code archive: C:\\Users\\ROHIN\\Downloads\\playwright\\hyperexecute-code-6b23a374-0a51-4f88-aa68-22f6cb9d9170.zip\n"}
{"level":"debug","time":"2026-09-26T02:26:37.478+0530","caller":"storage/azure.go:59","msg":"Payload size: 305 B, source path mask-6b23a374-0a51-4f88-aa68-22f6cb9d9170.yaml"}
{"level":"debug","time":"2026-09-26T02:26:37.478+0530","caller":"utils/azcopy.go:121","msg":"Updating dependency version..."}
{"level":"debug","time":"2026-09-26T02:26:37.478+0530","caller":"utils/azcopy.go:133","msg":"Downloading dependency binary ..................."}
{"level":"debug","time":"2026-09-26T02:26:37.478+0530","caller":"utils/azcopy.go:165","msg":"falling back to secondary download link for  azcopy"}
{"level":"debug","time":"2026-09-26T02:26:37.478+0530","caller":"utils/azcopy.go:169","msg":"falling back to tertiary download link for azcopy"}
{"level":"error","time":"2026-09-26T02:26:37.478+0530","caller":"utils/azcopy.go:147","msg":"2026-09-26T02:26:18+05:30    error    ERR::AZCOPY::DOWN     Unable to download azcopy. Please try downloading it from the link https://downloads.hyperexecute.cloud/hyperexecute/windows/azcopy.exe and place inside .hyperexecute directory. Make sure to check any firewall, VPN settings which might block this url.    ERR:HTTP:LINK     Facing problem in connecting with AzcopyBinaryDownloadLink - prod - windows "}
{"level":"info","time":"2026-09-26T02:26:37.481+0530","caller":"storage/azure.go:171","msg":"Uploading file using azure sdk"}
{"level":"error","time":"2026-09-26T02:26:37.483+0530","caller":"receptionmanager/setup.go:500","msg":"2026-09-26T02:26:18+05:30    error    error while uploading configuration file hyperexecute.yaml"}
{"level":"debug","time":"2026-09-26T02:26:37.483+0530","caller":"httpclient/client.go:45","msg":"[DEBUG] POST https://api-hyperexecute.lambdatest.com/dispatcher/api/dispatcher"}
{"level":"debug","time":"2026-09-26T02:26:37.483+0530","caller":"httpclient/client.go:45","msg":"[ERR] POST https://api-hyperexecute.lambdatest.com/dispatcher/api/dispatcher request failed: Post \"https://api-hyperexecute.lambdatest.com/dispatcher/api/dispatcher\": context canceled"}
{"level":"error","time":"2026-09-26T02:26:37.483+0530","caller":"dispatchermanager/setup.go:107","msg":"2026-09-26T02:26:18+05:30    error    Dispatcher request failed (URL=https://api-hyperexecute.lambdatest.com/dispatcher): Post \"https://api-hyperexecute.lambdatest.com/dispatcher/api/dispatcher\": context canceled"}
{"level":"error","time":"2026-09-26T02:26:37.483+0530","caller":"core/lifecycle.go:669","msg":"2026-09-26T02:26:18+05:30    error    ERR:HTTP:HOST     Facing problem in connecting with DISPATCHER_HOST :: https://api-hyperexecute.lambdatest.com/dispatcher - prod "}
{"level":"debug","time":"2026-09-26T02:26:37.483+0530","caller":"core/lifecycle.go:76","msg":"Quit requested from main goroutine...."}
{"level":"debug","time":"2026-09-26T02:26:37.483+0530","caller":"core/lifecycle.go:77","msg":"Waiting for the goroutines to exit"}
{"level":"debug","time":"2026-09-26T02:26:37.483+0530","caller":"core/lifecycle.go:80","msg":"All lifecycle goroutines exited"}
{"level":"debug","time":"2026-09-26T02:26:43.057+0530","caller":"cmd/bin.go:138","msg":"cli os: windows, cli arch: amd64"}
{"level":"debug","time":"2026-09-26T02:26:43.059+0530","caller":"cmd/bin.go:139","msg":"Current binary version: 0.2.357, Environment: prod"}
{"level":"debug","time":"2026-09-26T02:26:43.972+0530","caller":"cmd/bin.go:148","msg":"Upstream version details: {Name:cli Min:0.2.265 Max:0.2.357} "}
{"level":"info","time":"2026-09-26T02:26:43.972+0530","caller":"cmd/bin.go:196","msg":"Generating TraceID for tracking request: 01M3D5P9R2BN1DXWS8Y5XKXDMD \n"}
{"level":"debug","time":"2026-09-26T02:26:47.864+0530","caller":"core/lifecycle.go:124","msg":"Setting environment"}
{"level":"debug","time":"2026-09-26T02:26:47.871+0530","caller":"core/lifecycle.go:127","msg":"Parsing config"}
{"level":"debug","time":"2026-09-26T02:26:47.871+0530","caller":"yamlconfigmanager/setup.go:746","msg":"Custom location for .hyperexecute.yaml specified. Using: hyperexecute.yaml"}
{"level":"debug","time":"2026-09-26T02:26:47.871+0530","caller":"yamlconfigmanager/setup.go:120","msg":"using hyperexecute config from : hyperexecute.yaml"}
{"level":"debug","time":"2026-09-26T02:26:47.872+0530","caller":"yamlconfigmanager/setup.go:2013","msg":"Environment variable not set against the variable - matrix.os mentioned in yaml"}
{"level":"debug","time":"2026-09-26T02:26:49.605+0530","caller":"yamlconfigmanager/setup.go:2250","msg":"Autodetecting test type in files of path : C:\\Users\\ROHIN\\Downloads\\playwright"}
{"level":"debug","time":"2026-09-26T02:26:49.605+0530","caller":"yamlconfigmanager/setup.go:2292","msg":"File in which test type is detected - C:\\Users\\ROHIN\\Downloads\\playwright/package.json"}
{"level":"debug","time":"2026-09-26T02:26:49.605+0530","caller":"yamlconfigmanager/setup.go:2293","msg":"Pre command in which test type is detected - npx playwright install"}
{"level":"debug","time":"2026-09-26T02:26:49.605+0530","caller":"yamlconfigmanager/setup.go:526","msg":"Automatic test type detected - playwright"}
{"level":"debug","time":"2026-09-26T02:26:50.267+0530","caller":"yamlconfigmanager/setup.go:1675","msg":"dynamic discovery redirect: flag off, keeping mode=dynamic"}
{"level":"debug","time":"2026-09-26T02:26:50.267+0530","caller":"yamlconfigmanager/setup.go:570","msg":"Tunnel: false"}
{"level":"info","time":"2026-09-26T02:26:50.267+0530","caller":"models/HypertestYamlConfig.go:993","msg":"\n\u001b[4m\u001b[1m\u001b[97mExecution Plan\u001b[0m\u001b[22m\u001b[24m"}
{"level":"info","time":"2026-09-26T02:26:50.268+0530","caller":"models/HypertestYamlConfig.go:796","msg":"Mode:    \u001b[36mmatrix\u001b[0m"}
{"level":"info","time":"2026-09-26T02:26:50.268+0530","caller":"models/HypertestYamlConfig.go:854","msg":"Runson:    \u001b[36m${matrix.os}\u001b[0m"}
{"level":"info","time":"2026-09-26T02:26:50.268+0530","caller":"models/HypertestYamlConfig.go:926","msg":"Report:    \u001b[36mdisabled\u001b[0m"}
{"level":"info","time":"2026-09-26T02:26:50.268+0530","caller":"models/HypertestYamlConfig.go:958","msg":"Cache Directories:"}
{"level":"info","time":"2026-09-26T02:26:50.268+0530","caller":"models/HypertestYamlConfig.go:960","msg":"    \u001b[36mnode_modules\u001b[0m"}
{"level":"info","time":"2026-09-26T02:26:50.268+0530","caller":"models/HypertestYamlConfig.go:1006","msg":""}
{"level":"debug","time":"2026-09-26T02:26:50.268+0530","caller":"filevalidator/setup.go:50","msg":"Warning: Checking data.json file in current directory, no dataJsonPath found in .hyperexecute.yaml"}
{"level":"debug","time":"2026-09-26T02:26:50.268+0530","caller":"filevalidator/setup.go:54","msg":"Warning: data.json file doesn't exist"}
{"level":"info","time":"2026-09-26T02:26:53.905+0530","caller":"core/lifecycle.go:318","msg":"\u001b[102m\u001b[1m\u001b[30mYou've consumed 5.00 % of your limit. Free trial mins left - 285.00\u001b[0m\u001b[22m\u001b[0m"}
{"level":"debug","time":"2026-09-26T02:26:53.906+0530","caller":"core/lifecycle.go:397","msg":"Job ID: 49676c42-d4fd-45f3-9074-78d176dbcf05"}
{"level":"debug","time":"2026-09-26T02:26:53.906+0530","caller":"core/lifecycle.go:400","msg":"User - SwathyE, triggered job with ID 49676c42-d4fd-45f3-9074-78d176dbcf05 from CLI"}
{"level":"debug","time":"2026-09-26T02:26:53.906+0530","caller":"core/lifecycle.go:403","msg":"User has provided playwright as test type for the job with ID 49676c42-d4fd-45f3-9074-78d176dbcf05"}
{"level":"debug","time":"2026-09-26T02:26:53.908+0530","caller":"events/manager.go:97","msg":"Starting event manager"}
{"level":"debug","time":"2026-09-26T02:26:53.908+0530","caller":"events/manager.go:99","msg":"SSE enabled, getting SSE connection"}
{"level":"debug","time":"2026-09-26T02:26:53.914+0530","caller":"archivemanager/setup.go:341","msg":"digestMap: map[]"}
{"level":"debug","time":"2026-09-26T02:26:53.914+0530","caller":"archivemanager/setup.go:347","msg":"Creating archive of target directory: C:\\Users\\ROHIN\\Downloads\\playwright"}
{"level":"debug","time":"2026-09-26T02:26:53.924+0530","caller":"core/lifecycle.go:554","msg":"Zip file size: 8.05 kB"}
{"level":"debug","time":"2026-09-26T02:26:53.925+0530","caller":"core/lifecycle.go:564","msg":"Archive location: C:\\Users\\ROHIN\\Downloads\\playwright\\hyperexecute-code-49676c42-d4fd-45f3-9074-78d176dbcf05.zip\n"}
{"level":"debug","time":"2026-09-26T02:26:53.928+0530","caller":"receptionmanager/setup.go:441","msg":"number of entries in runtimes: 0, switching to new yaml format"}
{"level":"debug","time":"2026-09-26T02:26:53.929+0530","caller":"receptionmanager/setup.go:470","msg":"number of entries in partialreports: 0, switching to new yaml format"}
{"level":"debug","time":"2026-09-26T02:26:53.929+0530","caller":"receptionmanager/setup.go:221","msg":"policy enforce: feature flag off, skipping enforcement"}
{"level":"debug","time":"2026-09-26T02:26:53.929+0530","caller":"receptionmanager/setup.go:355","msg":"Uploading yaml : C:\\Users\\ROHIN\\Downloads\\playwright\\.updatedhyperexecute.yaml"}
{"level":"debug","time":"2026-09-26T02:26:53.929+0530","caller":"storage/azure.go:59","msg":"Payload size: 3.60 kB, source path C:\\Users\\ROHIN\\Downloads\\playwright\\.updatedhyperexecute.yaml"}
{"level":"debug","time":"2026-09-26T02:26:54.926+0530","caller":"events/manager.go:288","msg":"connection to hyperexecute server established successfully."}
{"level":"debug","time":"2026-09-26T02:26:57.263+0530","caller":"storage/azure.go:83","msg":"Azcopy output: \n\r100.0 %, 1 Done, 0 Failed, 0 Pending, 0 Skipped, 1 Total, 2-sec Throughput (Mb/s): 0.0144\nTotal time taken to upload(min) :0.0334\n, stderr: "}
{"level":"info","time":"2026-09-26T02:26:57.263+0530","caller":"storage/azure.go:122","msg":"File: C:\\Users\\ROHIN\\Downloads\\playwright\\.updatedhyperexecute.yaml upload completed in 3.3343005s"}
{"level":"debug","time":"2026-09-26T02:26:57.266+0530","caller":"storage/azure.go:59","msg":"Payload size: 8.05 kB, source path C:\\Users\\ROHIN\\Downloads\\playwright\\hyperexecute-code-49676c42-d4fd-45f3-9074-78d176dbcf05.zip"}
{"level":"debug","time":"2026-09-26T02:27:00.369+0530","caller":"storage/azure.go:83","msg":"Azcopy output: \n\r100.0 %, 1 Done, 0 Failed, 0 Pending, 0 Skipped, 1 Total, 2-sec Throughput (Mb/s): 0.0322\nTotal time taken to upload(min) :0.0333\n, stderr: "}
{"level":"info","time":"2026-09-26T02:27:00.369+0530","caller":"storage/azure.go:122","msg":"File: C:\\Users\\ROHIN\\Downloads\\playwright\\hyperexecute-code-49676c42-d4fd-45f3-9074-78d176dbcf05.zip upload completed in 3.1029376s"}
{"level":"debug","time":"2026-09-26T02:27:00.370+0530","caller":"core/lifecycle.go:605","msg":"Successfully deleted code archive: C:\\Users\\ROHIN\\Downloads\\playwright\\hyperexecute-code-49676c42-d4fd-45f3-9074-78d176dbcf05.zip\n"}
{"level":"debug","time":"2026-09-26T02:27:00.372+0530","caller":"storage/azure.go:59","msg":"Payload size: 305 B, source path mask-49676c42-d4fd-45f3-9074-78d176dbcf05.yaml"}
{"level":"debug","time":"2026-09-26T02:27:03.476+0530","caller":"storage/azure.go:83","msg":"Azcopy output: \n\r100.0 %, 1 Done, 0 Failed, 0 Pending, 0 Skipped, 1 Total, 2-sec Throughput (Mb/s): 0.0012\nTotal time taken to upload(min) :0.0333\n, stderr: "}
{"level":"info","time":"2026-09-26T02:27:03.476+0530","caller":"storage/azure.go:122","msg":"File: mask-49676c42-d4fd-45f3-9074-78d176dbcf05.yaml upload completed in 3.1044983s"}
{"level":"debug","time":"2026-09-26T02:27:03.479+0530","caller":"httpclient/client.go:45","msg":"[DEBUG] POST https://api-hyperexecute.lambdatest.com/dispatcher/api/dispatcher"}
{"level":"info","time":"2026-09-26T02:27:05.062+0530","caller":"dispatchermanager/setup.go:94","msg":"Dispatch attempt to https://api-hyperexecute.lambdatest.com/dispatcher returned status 200"}
{"level":"debug","time":"2026-09-26T02:27:05.988+0530","caller":"jobmanager/sse_setup.go:192","msg":"Task id: HYPW-2752721-1790369823826204945GXA"}
{"level":"debug","time":"2026-09-26T02:27:05.988+0530","caller":"jobmanager/sse_setup.go:193","msg":"Sending new task alert to stage manager for taskId: HYPW-2752721-1790369823826204945GXA"}
{"level":"info","time":"2026-09-26T02:27:08.347+0530","caller":"terminal/terminal.go:187","msg":"✔ [1]  cache-download (0s)\n"}
{"level":"info","time":"2026-09-26T02:27:08.650+0530","caller":"jobmanager/sse_setup.go:84","msg":"\nJob 49676c42-d4fd-45f3-9074-78d176dbcf05 has started RUNNING"}
{"level":"info","time":"2026-09-26T02:27:08.650+0530","caller":"jobmanager/manager.go:136","msg":"Job Link: https://hyperexecute.lambdatest.com/hyperexecute/task?jobId=49676c42-d4fd-45f3-9074-78d176dbcf05\n"}
{"level":"debug","time":"2026-09-26T02:27:38.650+0530","caller":"events/manager.go:356","msg":"No new messages received from SSE for jobID: 49676c42-d4fd-45f3-9074-78d176dbcf05. Fetching from APIs"}
{"level":"info","time":"2026-09-26T02:27:50.329+0530","caller":"terminal/terminal.go:187","msg":"✔ [1]  pre (42s)\n"}
{"level":"debug","time":"2026-09-26T02:28:29.135+0530","caller":"events/manager.go:356","msg":"No new messages received from SSE for jobID: 49676c42-d4fd-45f3-9074-78d176dbcf05. Fetching from APIs"}
{"level":"debug","time":"2026-09-26T02:29:00.980+0530","caller":"events/manager.go:356","msg":"No new messages received from SSE for jobID: 49676c42-d4fd-45f3-9074-78d176dbcf05. Fetching from APIs"}
{"level":"debug","time":"2026-09-26T02:29:32.832+0530","caller":"events/manager.go:356","msg":"No new messages received from SSE for jobID: 49676c42-d4fd-45f3-9074-78d176dbcf05. Fetching from APIs"}
{"level":"debug","time":"2026-09-26T02:30:04.068+0530","caller":"events/manager.go:279","msg":"SSE connection completed. Reconnecting!!"}
{"level":"debug","time":"2026-09-26T02:30:04.680+0530","caller":"events/manager.go:356","msg":"No new messages received from SSE for jobID: 49676c42-d4fd-45f3-9074-78d176dbcf05. Fetching from APIs"}
{"level":"debug","time":"2026-09-26T02:30:05.812+0530","caller":"events/manager.go:288","msg":"connection to hyperexecute server established successfully."}
{"level":"debug","time":"2026-09-26T02:30:36.424+0530","caller":"events/manager.go:356","msg":"No new messages received from SSE for jobID: 49676c42-d4fd-45f3-9074-78d176dbcf05. Fetching from APIs"}
{"level":"debug","time":"2026-09-26T02:31:08.277+0530","caller":"events/manager.go:356","msg":"No new messages received from SSE for jobID: 49676c42-d4fd-45f3-9074-78d176dbcf05. Fetching from APIs"}
{"level":"debug","time":"2026-09-26T02:31:39.732+0530","caller":"events/manager.go:356","msg":"No new messages received from SSE for jobID: 49676c42-d4fd-45f3-9074-78d176dbcf05. Fetching from APIs"}
{"level":"debug","time":"2026-09-26T02:32:10.844+0530","caller":"events/manager.go:279","msg":"SSE connection completed. Reconnecting!!"}
{"level":"debug","time":"2026-09-26T02:32:11.559+0530","caller":"events/manager.go:356","msg":"No new messages received from SSE for jobID: 49676c42-d4fd-45f3-9074-78d176dbcf05. Fetching from APIs"}
{"level":"debug","time":"2026-09-26T02:32:11.572+0530","caller":"events/manager.go:288","msg":"connection to hyperexecute server established successfully."}
{"level":"debug","time":"2026-09-26T02:32:43.303+0530","caller":"events/manager.go:356","msg":"No new messages received from SSE for jobID: 49676c42-d4fd-45f3-9074-78d176dbcf05. Fetching from APIs"}
{"level":"error","time":"2026-09-26T02:32:50.674+0530","caller":"jobmanager/sse_setup.go:104","msg":"2026-09-26T02:26:41+05:30    error    ERR::JOB::STS     Job aborted!"}
{"level":"debug","time":"2026-09-26T02:32:50.682+0530","caller":"jobmanager/sse_setup.go:134","msg":"\n\nJob status"}
{"level":"info","time":"2026-09-26T02:32:51.407+0530","caller":"jobmanager/JobSummaryManager.go:54","msg":"\n ABORTED \n"}
{"level":"info","time":"2026-09-26T02:32:51.407+0530","caller":"jobmanager/JobSummaryManager.go:113","msg":"    Test Execution Time:                  4m50s"}
{"level":"info","time":"2026-09-26T02:32:51.407+0530","caller":"jobmanager/JobSummaryManager.go:113","msg":"    Job Duration Time:                    5m55s"}
{"level":"info","time":"2026-09-26T02:32:51.407+0530","caller":"jobmanager/JobSummaryManager.go:113","msg":"    Total Tasks:                          1"}
{"level":"info","time":"2026-09-26T02:32:51.407+0530","caller":"jobmanager/JobSummaryManager.go:113","msg":"    Cumulative Time Consumed:             5m42s"}
{"level":"info","time":"2026-09-26T02:32:51.408+0530","caller":"jobmanager/JobSummaryManager.go:113","msg":"    Total Stages:                         2"}
{"level":"info","time":"2026-09-26T02:32:51.408+0530","caller":"jobmanager/JobSummaryManager.go:113","msg":"    Pass discovery stage percentage:      0.00%"}
{"level":"info","time":"2026-09-26T02:32:51.408+0530","caller":"jobmanager/JobSummaryManager.go:113","msg":"    Failed discovery stage percentage:    0.00%"}
{"level":"info","time":"2026-09-26T02:32:51.408+0530","caller":"jobmanager/JobSummaryManager.go:113","msg":"    Pass pre stage percentage:            100.00%"}
{"level":"info","time":"2026-09-26T02:32:51.408+0530","caller":"jobmanager/JobSummaryManager.go:113","msg":"    Failed pre stage percentage:          0.00%"}
{"level":"info","time":"2026-09-26T02:32:51.409+0530","caller":"jobmanager/JobSummaryManager.go:113","msg":"    Pass test stage percentage:           0.00%"}
{"level":"info","time":"2026-09-26T02:32:51.409+0530","caller":"jobmanager/JobSummaryManager.go:113","msg":"    Failed test stage percentage:         100.00%"}
{"level":"info","time":"2026-09-26T02:32:51.409+0530","caller":"jobmanager/JobSummaryManager.go:113","msg":"    Pass post stage percentage:           0.00%"}
{"level":"info","time":"2026-09-26T02:32:51.409+0530","caller":"jobmanager/JobSummaryManager.go:113","msg":"    Failed post stage percentage:         0.00%"}
{"level":"info","time":"2026-09-26T02:32:51.409+0530","caller":"jobmanager/JobSummaryManager.go:113","msg":"    Failed Tasks:                         0"}
{"level":"info","time":"2026-09-26T02:32:51.409+0530","caller":"jobmanager/JobSummaryManager.go:58","msg":""}
{"level":"debug","time":"2026-09-26T02:32:51.415+0530","caller":"core/lifecycle.go:821","msg":"Context canceled"}
{"level":"info","time":"2026-09-26T02:32:51.415+0530","caller":"core/lifecycle.go:824","msg":"Stopping pipeline gracefully"}
{"level":"error","time":"2026-09-26T02:32:51.415+0530","caller":"core/lifecycle.go:827","msg":"2026-09-26T02:26:41+05:30    error    Exiting with error: Job aborted."}
{"level":"info","time":"2026-09-26T02:32:51.415+0530","caller":"jobmanager/manager.go:136","msg":"Job Link: https://hyperexecute.lambdatest.com/hyperexecute/task?jobId=49676c42-d4fd-45f3-9074-78d176dbcf05\n"}
{"level":"debug","time":"2026-09-26T02:32:51.415+0530","caller":"core/lifecycle.go:76","msg":"Quit requested from main goroutine...."}
{"level":"debug","time":"2026-09-26T02:32:51.416+0530","caller":"core/lifecycle.go:77","msg":"Waiting for the goroutines to exit"}
{"level":"info","time":"2026-09-26T02:32:51.415+0530","caller":"events/manager.go:338","msg":"context done and stopping SSE"}
{"level":"debug","time":"2026-09-26T02:32:51.416+0530","caller":"events/manager.go:256","msg":"Stopping event manager"}
{"level":"debug","time":"2026-09-26T02:32:51.416+0530","caller":"core/lifecycle.go:80","msg":"All lifecycle goroutines exited"}
{"level":"debug","time":"2026-09-26T02:32:51.416+0530","caller":"cmd/bin.go:348","msg":"main: all goroutines have finished."}
{"level":"debug","time":"2026-09-26T02:32:51.416+0530","caller":"cmd/bin.go:387","msg":"Exiting application due to error Job aborted."}
{"level":"debug","time":"2026-09-26T02:32:55.702+0530","caller":"cmd/bin.go:138","msg":"cli os: windows, cli arch: amd64"}
{"level":"debug","time":"2026-09-26T02:32:55.702+0530","caller":"cmd/bin.go:139","msg":"Current binary version: 0.2.357, Environment: prod"}
{"level":"debug","time":"2026-09-26T02:32:56.518+0530","caller":"cmd/bin.go:148","msg":"Upstream version details: {Name:cli Min:0.2.265 Max:0.2.357} "}
{"level":"info","time":"2026-09-26T02:32:56.518+0530","caller":"cmd/bin.go:196","msg":"Generating TraceID for tracking request: 01M3D61NPTQGDQ1MER2KK5C0MK \n"}
{"level":"debug","time":"2026-09-26T02:32:59.348+0530","caller":"core/lifecycle.go:124","msg":"Setting environment"}
{"level":"debug","time":"2026-09-26T02:32:59.349+0530","caller":"core/lifecycle.go:127","msg":"Parsing config"}
{"level":"debug","time":"2026-09-26T02:32:59.349+0530","caller":"yamlconfigmanager/setup.go:746","msg":"Custom location for .hyperexecute.yaml specified. Using: hyperexecute.yaml"}
{"level":"debug","time":"2026-09-26T02:32:59.349+0530","caller":"yamlconfigmanager/setup.go:120","msg":"using hyperexecute config from : hyperexecute.yaml"}
{"level":"debug","time":"2026-09-26T02:32:59.350+0530","caller":"yamlconfigmanager/setup.go:2013","msg":"Environment variable not set against the variable - matrix.os mentioned in yaml"}
{"level":"debug","time":"2026-09-26T02:33:00.815+0530","caller":"yamlconfigmanager/setup.go:2250","msg":"Autodetecting test type in files of path : C:\\Users\\ROHIN\\Downloads\\playwright"}
{"level":"debug","time":"2026-09-26T02:33:00.816+0530","caller":"yamlconfigmanager/setup.go:2292","msg":"File in which test type is detected - C:\\Users\\ROHIN\\Downloads\\playwright/package.json"}
{"level":"debug","time":"2026-09-26T02:33:00.816+0530","caller":"yamlconfigmanager/setup.go:2293","msg":"Pre command in which test type is detected - npx playwright install"}
{"level":"debug","time":"2026-09-26T02:33:00.816+0530","caller":"yamlconfigmanager/setup.go:526","msg":"Automatic test type detected - playwright"}
{"level":"debug","time":"2026-09-26T02:33:01.639+0530","caller":"yamlconfigmanager/setup.go:1675","msg":"dynamic discovery redirect: flag off, keeping mode=dynamic"}
{"level":"debug","time":"2026-09-26T02:33:01.639+0530","caller":"yamlconfigmanager/setup.go:570","msg":"Tunnel: false"}
{"level":"info","time":"2026-09-26T02:33:01.639+0530","caller":"models/HypertestYamlConfig.go:993","msg":"\n\u001b[4m\u001b[1m\u001b[97mExecution Plan\u001b[0m\u001b[22m\u001b[24m"}
{"level":"info","time":"2026-09-26T02:33:01.639+0530","caller":"models/HypertestYamlConfig.go:796","msg":"Mode:    \u001b[36mmatrix\u001b[0m"}
{"level":"info","time":"2026-09-26T02:33:01.639+0530","caller":"models/HypertestYamlConfig.go:854","msg":"Runson:    \u001b[36m${matrix.os}\u001b[0m"}
{"level":"info","time":"2026-09-26T02:33:01.639+0530","caller":"models/HypertestYamlConfig.go:926","msg":"Report:    \u001b[36mdisabled\u001b[0m"}
{"level":"info","time":"2026-09-26T02:33:01.640+0530","caller":"models/HypertestYamlConfig.go:958","msg":"Cache Directories:"}
{"level":"info","time":"2026-09-26T02:33:01.640+0530","caller":"models/HypertestYamlConfig.go:960","msg":"    \u001b[36mnode_modules\u001b[0m"}
{"level":"info","time":"2026-09-26T02:33:01.640+0530","caller":"models/HypertestYamlConfig.go:1006","msg":""}
{"level":"debug","time":"2026-09-26T02:33:01.640+0530","caller":"filevalidator/setup.go:50","msg":"Warning: Checking data.json file in current directory, no dataJsonPath found in .hyperexecute.yaml"}
{"level":"debug","time":"2026-09-26T02:33:01.640+0530","caller":"filevalidator/setup.go:54","msg":"Warning: data.json file doesn't exist"}
{"level":"info","time":"2026-09-26T02:33:04.965+0530","caller":"core/lifecycle.go:318","msg":"\u001b[102m\u001b[1m\u001b[30mYou've consumed 6.67 % of your limit. Free trial mins left - 280.00\u001b[0m\u001b[22m\u001b[0m"}
{"level":"debug","time":"2026-09-26T02:33:04.965+0530","caller":"core/lifecycle.go:397","msg":"Job ID: c3f5eb8d-36d3-4a24-986a-4c12fdd5dc18"}
{"level":"debug","time":"2026-09-26T02:33:04.965+0530","caller":"core/lifecycle.go:400","msg":"User - SwathyE, triggered job with ID c3f5eb8d-36d3-4a24-986a-4c12fdd5dc18 from CLI"}
{"level":"debug","time":"2026-09-26T02:33:04.965+0530","caller":"events/manager.go:97","msg":"Starting event manager"}
{"level":"debug","time":"2026-09-26T02:33:04.965+0530","caller":"events/manager.go:99","msg":"SSE enabled, getting SSE connection"}
{"level":"debug","time":"2026-09-26T02:33:04.965+0530","caller":"core/lifecycle.go:403","msg":"User has provided playwright as test type for the job with ID c3f5eb8d-36d3-4a24-986a-4c12fdd5dc18"}
{"level":"debug","time":"2026-09-26T02:33:04.966+0530","caller":"archivemanager/setup.go:341","msg":"digestMap: map[]"}
{"level":"debug","time":"2026-09-26T02:33:04.966+0530","caller":"archivemanager/setup.go:347","msg":"Creating archive of target directory: C:\\Users\\ROHIN\\Downloads\\playwright"}
{"level":"debug","time":"2026-09-26T02:33:04.987+0530","caller":"core/lifecycle.go:554","msg":"Zip file size: 8.78 kB"}
{"level":"debug","time":"2026-09-26T02:33:04.988+0530","caller":"core/lifecycle.go:564","msg":"Archive location: C:\\Users\\ROHIN\\Downloads\\playwright\\hyperexecute-code-c3f5eb8d-36d3-4a24-986a-4c12fdd5dc18.zip\n"}
{"level":"debug","time":"2026-09-26T02:33:04.988+0530","caller":"receptionmanager/setup.go:441","msg":"number of entries in runtimes: 0, switching to new yaml format"}
{"level":"debug","time":"2026-09-26T02:33:04.988+0530","caller":"receptionmanager/setup.go:470","msg":"number of entries in partialreports: 0, switching to new yaml format"}
{"level":"debug","time":"2026-09-26T02:33:04.988+0530","caller":"receptionmanager/setup.go:221","msg":"policy enforce: feature flag off, skipping enforcement"}
{"level":"debug","time":"2026-09-26T02:33:04.989+0530","caller":"receptionmanager/setup.go:355","msg":"Uploading yaml : C:\\Users\\ROHIN\\Downloads\\playwright\\.updatedhyperexecute.yaml"}
{"level":"debug","time":"2026-09-26T02:33:04.989+0530","caller":"storage/azure.go:59","msg":"Payload size: 3.63 kB, source path C:\\Users\\ROHIN\\Downloads\\playwright\\.updatedhyperexecute.yaml"}
{"level":"debug","time":"2026-09-26T02:33:05.442+0530","caller":"events/manager.go:288","msg":"connection to hyperexecute server established successfully."}
{"level":"debug","time":"2026-09-26T02:33:08.322+0530","caller":"storage/azure.go:83","msg":"Azcopy output: \n\r100.0 %, 1 Done, 0 Failed, 0 Pending, 0 Skipped, 1 Total, 2-sec Throughput (Mb/s): 0.0145\nTotal time taken to upload(min) :0.0333\n, stderr: "}
{"level":"info","time":"2026-09-26T02:33:08.322+0530","caller":"storage/azure.go:122","msg":"File: C:\\Users\\ROHIN\\Downloads\\playwright\\.updatedhyperexecute.yaml upload completed in 3.333126s"}
{"level":"debug","time":"2026-09-26T02:33:08.323+0530","caller":"storage/azure.go:59","msg":"Payload size: 8.78 kB, source path C:\\Users\\ROHIN\\Downloads\\playwright\\hyperexecute-code-c3f5eb8d-36d3-4a24-986a-4c12fdd5dc18.zip"}
{"level":"debug","time":"2026-09-26T02:33:11.572+0530","caller":"storage/azure.go:83","msg":"Azcopy output: \n\r100.0 %, 1 Done, 0 Failed, 0 Pending, 0 Skipped, 1 Total, 2-sec Throughput (Mb/s): 0.0351\nTotal time taken to upload(min) :0.0333\n, stderr: "}
{"level":"info","time":"2026-09-26T02:33:11.572+0530","caller":"storage/azure.go:122","msg":"File: C:\\Users\\ROHIN\\Downloads\\playwright\\hyperexecute-code-c3f5eb8d-36d3-4a24-986a-4c12fdd5dc18.zip upload completed in 3.2491754s"}
{"level":"debug","time":"2026-09-26T02:33:11.574+0530","caller":"core/lifecycle.go:605","msg":"Successfully deleted code archive: C:\\Users\\ROHIN\\Downloads\\playwright\\hyperexecute-code-c3f5eb8d-36d3-4a24-986a-4c12fdd5dc18.zip\n"}
{"level":"debug","time":"2026-09-26T02:33:11.575+0530","caller":"storage/azure.go:59","msg":"Payload size: 329 B, source path mask-c3f5eb8d-36d3-4a24-986a-4c12fdd5dc18.yaml"}
{"level":"debug","time":"2026-09-26T02:33:14.761+0530","caller":"storage/azure.go:83","msg":"Azcopy output: \n\r100.0 %, 1 Done, 0 Failed, 0 Pending, 0 Skipped, 1 Total, 2-sec Throughput (Mb/s): 0.0013\nTotal time taken to upload(min) :0.0333\n, stderr: "}
{"level":"info","time":"2026-09-26T02:33:14.761+0530","caller":"storage/azure.go:122","msg":"File: mask-c3f5eb8d-36d3-4a24-986a-4c12fdd5dc18.yaml upload completed in 3.1863839s"}
{"level":"debug","time":"2026-09-26T02:33:14.763+0530","caller":"httpclient/client.go:45","msg":"[DEBUG] POST https://api-hyperexecute.lambdatest.com/dispatcher/api/dispatcher"}
{"level":"info","time":"2026-09-26T02:33:16.383+0530","caller":"dispatchermanager/setup.go:94","msg":"Dispatch attempt to https://api-hyperexecute.lambdatest.com/dispatcher returned status 200"}
{"level":"debug","time":"2026-09-26T02:33:17.342+0530","caller":"jobmanager/sse_setup.go:192","msg":"Task id: HYPW-2752721-1790370195015294121EZY"}
{"level":"debug","time":"2026-09-26T02:33:17.342+0530","caller":"jobmanager/sse_setup.go:193","msg":"Sending new task alert to stage manager for taskId: HYPW-2752721-1790370195015294121EZY"}
{"level":"debug","time":"2026-09-26T02:33:17.342+0530","caller":"jobmanager/sse_setup.go:192","msg":"Task id: HYPW-2752721-1790370195020331590AYK"}
{"level":"debug","time":"2026-09-26T02:33:17.342+0530","caller":"jobmanager/sse_setup.go:193","msg":"Sending new task alert to stage manager for taskId: HYPW-2752721-1790370195020331590AYK"}
{"level":"debug","time":"2026-09-26T02:33:17.342+0530","caller":"jobmanager/sse_setup.go:192","msg":"Task id: HYPW-2752721-1790370195025357405PCP"}
{"level":"debug","time":"2026-09-26T02:33:17.342+0530","caller":"jobmanager/sse_setup.go:193","msg":"Sending new task alert to stage manager for taskId: HYPW-2752721-1790370195025357405PCP"}
{"level":"debug","time":"2026-09-26T02:33:47.345+0530","caller":"events/manager.go:356","msg":"No new messages received from SSE for jobID: c3f5eb8d-36d3-4a24-986a-4c12fdd5dc18. Fetching from APIs"}
{"level":"info","time":"2026-09-26T02:33:48.335+0530","caller":"jobmanager/sse_setup.go:86","msg":"\nJob c3f5eb8d-36d3-4a24-986a-4c12fdd5dc18 has INITIATED"}
{"level":"info","time":"2026-09-26T02:33:48.335+0530","caller":"jobmanager/manager.go:136","msg":"Job Link: https://hyperexecute.lambdatest.com/hyperexecute/task?jobId=c3f5eb8d-36d3-4a24-986a-4c12fdd5dc18\n"}
{"level":"info","time":"2026-09-26T02:34:12.912+0530","caller":"terminal/terminal.go:187","msg":"✔ [1]  cache-download (1s)\n"}
{"level":"info","time":"2026-09-26T02:34:19.458+0530","caller":"terminal/terminal.go:187","msg":"✔ [2]  cache-download (1s)\n"}
{"level":"debug","time":"2026-09-26T02:34:49.556+0530","caller":"events/manager.go:356","msg":"No new messages received from SSE for jobID: c3f5eb8d-36d3-4a24-986a-4c12fdd5dc18. Fetching from APIs"}
{"level":"info","time":"2026-09-26T02:34:50.084+0530","caller":"terminal/terminal.go:187","msg":"✔ [1]  pre (38s)\n"}
{"level":"info","time":"2026-09-26T02:34:58.185+0530","caller":"terminal/terminal.go:187","msg":"✔ [2]  pre (39s)\n"}
{"level":"info","time":"2026-09-26T02:35:07.359+0530","caller":"terminal/terminal.go:187","msg":"✔ [1]  npx playwright test tests/test1 (8s)\n"}
{"level":"info","time":"2026-09-26T02:35:10.361+0530","caller":"terminal/terminal.go:187","msg":"✔ [3]  cache-download (1s)\n"}
{"level":"info","time":"2026-09-26T02:35:20.909+0530","caller":"terminal/terminal.go:187","msg":"✔ [2]  npx playwright test tests/test2 (15s)\n"}
{"level":"info","time":"2026-09-26T02:35:47.030+0530","caller":"terminal/terminal.go:187","msg":"✔ [3]  pre (37s)\n"}
{"level":"info","time":"2026-09-26T02:36:10.056+0530","caller":"terminal/terminal.go:187","msg":"✔ [3]  npx playwright test tests/test2 (15s)\n"}
{"level":"debug","time":"2026-09-26T02:36:12.423+0530","caller":"jobmanager/sse_setup.go:134","msg":"\n\nJob status"}
{"level":"info","time":"2026-09-26T02:36:13.339+0530","caller":"jobmanager/JobSummaryManager.go:54","msg":"\n PARTIALLY COMPLETED \n"}
{"level":"info","time":"2026-09-26T02:36:13.339+0530","caller":"jobmanager/JobSummaryManager.go:113","msg":"    Test Execution Time:                  1m10s"}
{"level":"info","time":"2026-09-26T02:36:13.339+0530","caller":"jobmanager/JobSummaryManager.go:113","msg":"    Job Duration Time:                    1m59s"}
{"level":"info","time":"2026-09-26T02:36:13.339+0530","caller":"jobmanager/JobSummaryManager.go:113","msg":"    Total Tasks:                          3"}
{"level":"info","time":"2026-09-26T02:36:13.339+0530","caller":"jobmanager/JobSummaryManager.go:113","msg":"    Cumulative Time Consumed:             3m0s"}
{"level":"info","time":"2026-09-26T02:36:13.339+0530","caller":"jobmanager/JobSummaryManager.go:113","msg":"    Total Stages:                         6"}
{"level":"info","time":"2026-09-26T02:36:13.339+0530","caller":"jobmanager/JobSummaryManager.go:113","msg":"    Pass discovery stage percentage:      0.00%"}
{"level":"info","time":"2026-09-26T02:36:13.339+0530","caller":"jobmanager/JobSummaryManager.go:113","msg":"    Failed discovery stage percentage:    0.00%"}
{"level":"info","time":"2026-09-26T02:36:13.340+0530","caller":"jobmanager/JobSummaryManager.go:113","msg":"    Pass pre stage percentage:            100.00%"}
{"level":"info","time":"2026-09-26T02:36:13.340+0530","caller":"jobmanager/JobSummaryManager.go:113","msg":"    Failed pre stage percentage:          0.00%"}
{"level":"info","time":"2026-09-26T02:36:13.340+0530","caller":"jobmanager/JobSummaryManager.go:113","msg":"    Pass test stage percentage:           100.00%"}
{"level":"info","time":"2026-09-26T02:36:13.340+0530","caller":"jobmanager/JobSummaryManager.go:113","msg":"    Failed test stage percentage:         0.00%"}
{"level":"info","time":"2026-09-26T02:36:13.340+0530","caller":"jobmanager/JobSummaryManager.go:113","msg":"    Pass post stage percentage:           0.00%"}
{"level":"info","time":"2026-09-26T02:36:13.340+0530","caller":"jobmanager/JobSummaryManager.go:113","msg":"    Failed post stage percentage:         0.00%"}
{"level":"info","time":"2026-09-26T02:36:13.340+0530","caller":"jobmanager/JobSummaryManager.go:113","msg":"    Failed Tasks:                         0"}
{"level":"info","time":"2026-09-26T02:36:13.340+0530","caller":"jobmanager/JobSummaryManager.go:58","msg":""}
{"level":"debug","time":"2026-09-26T02:36:13.342+0530","caller":"core/lifecycle.go:821","msg":"Context canceled"}
{"level":"info","time":"2026-09-26T02:36:13.342+0530","caller":"events/manager.go:338","msg":"context done and stopping SSE"}
{"level":"debug","time":"2026-09-26T02:36:13.342+0530","caller":"events/manager.go:256","msg":"Stopping event manager"}
{"level":"info","time":"2026-09-26T02:36:13.342+0530","caller":"core/lifecycle.go:824","msg":"Stopping pipeline gracefully"}
{"level":"info","time":"2026-09-26T02:36:13.342+0530","caller":"jobmanager/manager.go:136","msg":"Job Link: https://hyperexecute.lambdatest.com/hyperexecute/task?jobId=c3f5eb8d-36d3-4a24-986a-4c12fdd5dc18\n"}
{"level":"debug","time":"2026-09-26T02:36:13.342+0530","caller":"core/lifecycle.go:76","msg":"Quit requested from main goroutine...."}
{"level":"debug","time":"2026-09-26T02:36:13.342+0530","caller":"core/lifecycle.go:77","msg":"Waiting for the goroutines to exit"}
{"level":"debug","time":"2026-09-26T02:36:13.342+0530","caller":"core/lifecycle.go:80","msg":"All lifecycle goroutines exited"}
{"level":"debug","time":"2026-09-26T02:36:13.342+0530","caller":"cmd/bin.go:348","msg":"main: all goroutines have finished."}
{"level":"debug","time":"2026-09-26T02:45:33.594+0530","caller":"cmd/bin.go:138","msg":"cli os: windows, cli arch: amd64"}
{"level":"debug","time":"2026-09-26T02:45:33.594+0530","caller":"cmd/bin.go:139","msg":"Current binary version: 0.2.357, Environment: prod"}
{"level":"debug","time":"2026-09-26T02:45:34.515+0530","caller":"cmd/bin.go:148","msg":"Upstream version details: {Name:cli Min:0.2.265 Max:0.2.357} "}
{"level":"info","time":"2026-09-26T02:45:34.515+0530","caller":"cmd/bin.go:196","msg":"Generating TraceID for tracking request: 01M3D6RSXDMJHADS80XNTAW45Z \n"}
{"level":"debug","time":"2026-09-26T02:45:38.099+0530","caller":"core/lifecycle.go:124","msg":"Setting environment"}
{"level":"debug","time":"2026-09-26T02:45:38.099+0530","caller":"core/lifecycle.go:127","msg":"Parsing config"}
{"level":"debug","time":"2026-09-26T02:45:38.107+0530","caller":"yamlconfigmanager/setup.go:746","msg":"Custom location for .hyperexecute.yaml specified. Using: hyperexecute.yaml"}
{"level":"debug","time":"2026-09-26T02:45:38.107+0530","caller":"yamlconfigmanager/setup.go:120","msg":"using hyperexecute config from : hyperexecute.yaml"}
{"level":"debug","time":"2026-09-26T02:45:38.108+0530","caller":"yamlconfigmanager/setup.go:2013","msg":"Environment variable not set against the variable - matrix.os mentioned in yaml"}
{"level":"debug","time":"2026-09-26T02:45:39.947+0530","caller":"yamlconfigmanager/setup.go:2250","msg":"Autodetecting test type in files of path : C:\\Users\\ROHIN\\Downloads\\playwright"}
{"level":"debug","time":"2026-09-26T02:45:39.947+0530","caller":"yamlconfigmanager/setup.go:2292","msg":"File in which test type is detected - C:\\Users\\ROHIN\\Downloads\\playwright/package.json"}
{"level":"debug","time":"2026-09-26T02:45:39.947+0530","caller":"yamlconfigmanager/setup.go:2293","msg":"Pre command in which test type is detected - npx playwright install"}
{"level":"debug","time":"2026-09-26T02:45:39.947+0530","caller":"yamlconfigmanager/setup.go:526","msg":"Automatic test type detected - playwright"}
{"level":"debug","time":"2026-09-26T02:45:40.863+0530","caller":"yamlconfigmanager/setup.go:1675","msg":"dynamic discovery redirect: flag off, keeping mode=dynamic"}
{"level":"debug","time":"2026-09-26T02:45:40.864+0530","caller":"yamlconfigmanager/setup.go:570","msg":"Tunnel: false"}
{"level":"info","time":"2026-09-26T02:45:40.864+0530","caller":"models/HypertestYamlConfig.go:993","msg":"\n\u001b[4m\u001b[1m\u001b[97mExecution Plan\u001b[0m\u001b[22m\u001b[24m"}
{"level":"info","time":"2026-09-26T02:45:40.864+0530","caller":"models/HypertestYamlConfig.go:796","msg":"Mode:    \u001b[36mmatrix\u001b[0m"}
{"level":"info","time":"2026-09-26T02:45:40.864+0530","caller":"models/HypertestYamlConfig.go:854","msg":"Runson:    \u001b[36m${matrix.os}\u001b[0m"}
{"level":"info","time":"2026-09-26T02:45:40.864+0530","caller":"models/HypertestYamlConfig.go:926","msg":"Report:    \u001b[36menabled\u001b[0m"}
{"level":"info","time":"2026-09-26T02:45:40.864+0530","caller":"models/HypertestYamlConfig.go:940","msg":"Artefacts:"}
{"level":"info","time":"2026-09-26T02:45:40.864+0530","caller":"models/HypertestYamlConfig.go:943","msg":"    Executed-Job-Artifacts:    \u001b[36mplaywright-report/index.html\u001b[0m"}
{"level":"info","time":"2026-09-26T02:45:40.864+0530","caller":"models/HypertestYamlConfig.go:958","msg":"Cache Directories:"}
{"level":"info","time":"2026-09-26T02:45:40.865+0530","caller":"models/HypertestYamlConfig.go:960","msg":"    \u001b[36mnode_modules\u001b[0m"}
{"level":"info","time":"2026-09-26T02:45:40.865+0530","caller":"models/HypertestYamlConfig.go:1006","msg":""}
{"level":"debug","time":"2026-09-26T02:45:40.865+0530","caller":"filevalidator/setup.go:50","msg":"Warning: Checking data.json file in current directory, no dataJsonPath found in .hyperexecute.yaml"}
{"level":"debug","time":"2026-09-26T02:45:40.865+0530","caller":"filevalidator/setup.go:54","msg":"Warning: data.json file doesn't exist"}
{"level":"info","time":"2026-09-26T02:45:44.808+0530","caller":"core/lifecycle.go:318","msg":"\u001b[102m\u001b[1m\u001b[30mYou've consumed 7.67 % of your limit. Free trial mins left - 277.00\u001b[0m\u001b[22m\u001b[0m"}
{"level":"debug","time":"2026-09-26T02:45:44.808+0530","caller":"core/lifecycle.go:397","msg":"Job ID: 8e41272b-995b-4b73-983c-36cee9039539"}
{"level":"debug","time":"2026-09-26T02:45:44.808+0530","caller":"core/lifecycle.go:400","msg":"User - SwathyE, triggered job with ID 8e41272b-995b-4b73-983c-36cee9039539 from CLI"}
{"level":"debug","time":"2026-09-26T02:45:44.808+0530","caller":"core/lifecycle.go:403","msg":"User has provided playwright as test type for the job with ID 8e41272b-995b-4b73-983c-36cee9039539"}
{"level":"debug","time":"2026-09-26T02:45:44.808+0530","caller":"events/manager.go:97","msg":"Starting event manager"}
{"level":"debug","time":"2026-09-26T02:45:44.808+0530","caller":"events/manager.go:99","msg":"SSE enabled, getting SSE connection"}
{"level":"debug","time":"2026-09-26T02:45:44.810+0530","caller":"archivemanager/setup.go:341","msg":"digestMap: map[]"}
{"level":"debug","time":"2026-09-26T02:45:44.810+0530","caller":"archivemanager/setup.go:347","msg":"Creating archive of target directory: C:\\Users\\ROHIN\\Downloads\\playwright"}
{"level":"debug","time":"2026-09-26T02:45:44.825+0530","caller":"core/lifecycle.go:554","msg":"Zip file size: 9.12 kB"}
{"level":"debug","time":"2026-09-26T02:45:44.827+0530","caller":"core/lifecycle.go:564","msg":"Archive location: C:\\Users\\ROHIN\\Downloads\\playwright\\hyperexecute-code-8e41272b-995b-4b73-983c-36cee9039539.zip\n"}
{"level":"debug","time":"2026-09-26T02:45:44.827+0530","caller":"receptionmanager/setup.go:441","msg":"number of entries in runtimes: 0, switching to new yaml format"}
{"level":"debug","time":"2026-09-26T02:45:44.828+0530","caller":"receptionmanager/setup.go:470","msg":"number of entries in partialreports: 0, switching to new yaml format"}
{"level":"debug","time":"2026-09-26T02:45:44.828+0530","caller":"receptionmanager/setup.go:221","msg":"policy enforce: feature flag off, skipping enforcement"}
{"level":"debug","time":"2026-09-26T02:45:44.829+0530","caller":"receptionmanager/setup.go:355","msg":"Uploading yaml : C:\\Users\\ROHIN\\Downloads\\playwright\\.updatedhyperexecute.yaml"}
{"level":"debug","time":"2026-09-26T02:45:44.829+0530","caller":"storage/azure.go:59","msg":"Payload size: 4.00 kB, source path C:\\Users\\ROHIN\\Downloads\\playwright\\.updatedhyperexecute.yaml"}
{"level":"debug","time":"2026-09-26T02:45:46.149+0530","caller":"events/manager.go:288","msg":"connection to hyperexecute server established successfully."}
{"level":"debug","time":"2026-09-26T02:45:48.098+0530","caller":"storage/azure.go:83","msg":"Azcopy output: \n\r100.0 %, 1 Done, 0 Failed, 0 Pending, 0 Skipped, 1 Total, 2-sec Throughput (Mb/s): 0.016\nTotal time taken to upload(min) :0.0333\n, stderr: "}
{"level":"info","time":"2026-09-26T02:45:48.098+0530","caller":"storage/azure.go:122","msg":"File: C:\\Users\\ROHIN\\Downloads\\playwright\\.updatedhyperexecute.yaml upload completed in 3.2692377s"}
{"level":"debug","time":"2026-09-26T02:45:48.099+0530","caller":"storage/azure.go:59","msg":"Payload size: 9.12 kB, source path C:\\Users\\ROHIN\\Downloads\\playwright\\hyperexecute-code-8e41272b-995b-4b73-983c-36cee9039539.zip"}
{"level":"debug","time":"2026-09-26T02:45:51.278+0530","caller":"storage/azure.go:83","msg":"Azcopy output: \n\r100.0 %, 1 Done, 0 Failed, 0 Pending, 0 Skipped, 1 Total, 2-sec Throughput (Mb/s): 0.0364\nTotal time taken to upload(min) :0.0334\n, stderr: "}
{"level":"info","time":"2026-09-26T02:45:51.278+0530","caller":"storage/azure.go:122","msg":"File: C:\\Users\\ROHIN\\Downloads\\playwright\\hyperexecute-code-8e41272b-995b-4b73-983c-36cee9039539.zip upload completed in 3.179045s"}
{"level":"debug","time":"2026-09-26T02:45:51.279+0530","caller":"core/lifecycle.go:605","msg":"Successfully deleted code archive: C:\\Users\\ROHIN\\Downloads\\playwright\\hyperexecute-code-8e41272b-995b-4b73-983c-36cee9039539.zip\n"}
{"level":"debug","time":"2026-09-26T02:45:51.280+0530","caller":"storage/azure.go:59","msg":"Payload size: 452 B, source path mask-8e41272b-995b-4b73-983c-36cee9039539.yaml"}
{"level":"debug","time":"2026-09-26T02:45:54.436+0530","caller":"storage/azure.go:83","msg":"Azcopy output: \n\r100.0 %, 1 Done, 0 Failed, 0 Pending, 0 Skipped, 1 Total, 2-sec Throughput (Mb/s): 0.0018\nTotal time taken to upload(min) :0.0333\n, stderr: "}
{"level":"info","time":"2026-09-26T02:45:54.436+0530","caller":"storage/azure.go:122","msg":"File: mask-8e41272b-995b-4b73-983c-36cee9039539.yaml upload completed in 3.1553577s"}
{"level":"debug","time":"2026-09-26T02:45:54.437+0530","caller":"httpclient/client.go:45","msg":"[DEBUG] POST https://api-hyperexecute.lambdatest.com/dispatcher/api/dispatcher"}
{"level":"info","time":"2026-09-26T02:45:56.019+0530","caller":"dispatchermanager/setup.go:94","msg":"Dispatch attempt to https://api-hyperexecute.lambdatest.com/dispatcher returned status 200"}
{"level":"debug","time":"2026-09-26T02:45:56.941+0530","caller":"jobmanager/sse_setup.go:192","msg":"Task id: HYPW-2752721-1790370954645153655EBO"}
{"level":"debug","time":"2026-09-26T02:45:56.941+0530","caller":"jobmanager/sse_setup.go:193","msg":"Sending new task alert to stage manager for taskId: HYPW-2752721-1790370954645153655EBO"}
{"level":"debug","time":"2026-09-26T02:45:56.941+0530","caller":"jobmanager/sse_setup.go:192","msg":"Task id: HYPW-2752721-1790370954650455879GHV"}
{"level":"debug","time":"2026-09-26T02:45:56.941+0530","caller":"jobmanager/sse_setup.go:193","msg":"Sending new task alert to stage manager for taskId: HYPW-2752721-1790370954650455879GHV"}
{"level":"debug","time":"2026-09-26T02:45:56.941+0530","caller":"jobmanager/sse_setup.go:192","msg":"Task id: HYPW-2752721-1790370954655516434JMQ"}
{"level":"debug","time":"2026-09-26T02:45:56.941+0530","caller":"jobmanager/sse_setup.go:193","msg":"Sending new task alert to stage manager for taskId: HYPW-2752721-1790370954655516434JMQ"}
{"level":"debug","time":"2026-09-26T02:45:56.941+0530","caller":"jobmanager/sse_setup.go:192","msg":"Task id: HYPL-2752721-1790370954660491659GIR"}
{"level":"debug","time":"2026-09-26T02:45:56.941+0530","caller":"jobmanager/sse_setup.go:193","msg":"Sending new task alert to stage manager for taskId: HYPL-2752721-1790370954660491659GIR"}
{"level":"debug","time":"2026-09-26T02:45:56.941+0530","caller":"jobmanager/sse_setup.go:192","msg":"Task id: HYPL-2752721-1790370954665639703CTN"}
{"level":"debug","time":"2026-09-26T02:45:56.941+0530","caller":"jobmanager/sse_setup.go:193","msg":"Sending new task alert to stage manager for taskId: HYPL-2752721-1790370954665639703CTN"}
{"level":"debug","time":"2026-09-26T02:45:56.941+0530","caller":"jobmanager/sse_setup.go:192","msg":"Task id: HYPL-2752721-1790370954670537338WPC"}
{"level":"debug","time":"2026-09-26T02:45:56.941+0530","caller":"jobmanager/sse_setup.go:193","msg":"Sending new task alert to stage manager for taskId: HYPL-2752721-1790370954670537338WPC"}
{"level":"info","time":"2026-09-26T02:46:03.049+0530","caller":"jobmanager/sse_setup.go:84","msg":"\nJob 8e41272b-995b-4b73-983c-36cee9039539 has started RUNNING"}
{"level":"info","time":"2026-09-26T02:46:03.049+0530","caller":"jobmanager/manager.go:136","msg":"Job Link: https://hyperexecute.lambdatest.com/hyperexecute/task?jobId=8e41272b-995b-4b73-983c-36cee9039539\n"}
{"level":"info","time":"2026-09-26T02:46:03.489+0530","caller":"terminal/terminal.go:187","msg":"✔ [1]  cache-download (1s)\n"}
{"level":"info","time":"2026-09-26T02:46:06.919+0530","caller":"terminal/terminal.go:187","msg":"✔ [2]  cache-download (1s)\n"}
{"level":"debug","time":"2026-09-26T02:46:37.011+0530","caller":"events/manager.go:356","msg":"No new messages received from SSE for jobID: 8e41272b-995b-4b73-983c-36cee9039539. Fetching from APIs"}
{"level":"info","time":"2026-09-26T02:46:44.351+0530","caller":"terminal/terminal.go:187","msg":"✔ [1]  pre (41s)\n"}
{"level":"info","time":"2026-09-26T02:46:45.891+0530","caller":"terminal/terminal.go:187","msg":"✔ [2]  pre (40s)\n"}
{"level":"info","time":"2026-09-26T02:47:01.046+0530","caller":"terminal/terminal.go:187","msg":"✔ [1]  npx playwright test tests/test1 (9s)\n"}
{"level":"info","time":"2026-09-26T02:47:08.597+0530","caller":"terminal/terminal.go:187","msg":"✔ [2]  npx playwright test tests/test2 (14s)\n"}
{"level":"info","time":"2026-09-26T02:47:19.367+0530","caller":"terminal/terminal.go:187","msg":"✔ [4]  cache-download (0s)\n"}
{"level":"info","time":"2026-09-26T02:47:48.971+0530","caller":"terminal/terminal.go:187","msg":"✔ [4]  pre (30s)\n"}
{"level":"info","time":"2026-09-26T02:48:02.694+0530","caller":"terminal/terminal.go:187","msg":"✔ [4]  npx playwright test tests/test1 (6s)\n"}
{"level":"info","time":"2026-09-26T02:48:15.802+0530","caller":"terminal/terminal.go:187","msg":"✔ [5]  cache-download (1s)\n"}
{"level":"info","time":"2026-09-26T02:48:33.928+0530","caller":"terminal/terminal.go:187","msg":"✔ [3]  cache-download (1s)\n"}
{"level":"info","time":"2026-09-26T02:48:42.121+0530","caller":"terminal/terminal.go:187","msg":"✔ [5]  pre (27s)\n"}
{"level":"info","time":"2026-09-26T02:49:00.509+0530","caller":"terminal/terminal.go:187","msg":"✔ [5]  npx playwright test tests/test2 (10s)\n"}
{"level":"info","time":"2026-09-26T02:49:10.894+0530","caller":"terminal/terminal.go:187","msg":"✔ [3]  pre (38s)\n"}
{"level":"info","time":"2026-09-26T02:49:11.574+0530","caller":"terminal/terminal.go:187","msg":"✔ [6]  cache-download (0s)\n"}
{"level":"info","time":"2026-09-26T02:49:33.015+0530","caller":"terminal/terminal.go:187","msg":"✔ [3]  npx playwright test tests/test2 (14s)\n"}
{"level":"info","time":"2026-09-26T02:49:42.230+0530","caller":"terminal/terminal.go:187","msg":"✔ [6]  pre (31s)\n"}
{"level":"info","time":"2026-09-26T02:50:00.869+0530","caller":"terminal/terminal.go:187","msg":"✔ [6]  npx playwright test tests/test2 (11s)\n"}
{"level":"debug","time":"2026-09-26T02:50:05.545+0530","caller":"jobmanager/sse_setup.go:134","msg":"\n\nJob status"}
{"level":"info","time":"2026-09-26T02:50:06.221+0530","caller":"jobmanager/JobSummaryManager.go:54","msg":"\n PARTIALLY COMPLETED \n"}
{"level":"info","time":"2026-09-26T02:50:06.222+0530","caller":"jobmanager/JobSummaryManager.go:113","msg":"    Test Execution Time:                  3m8s"}
{"level":"info","time":"2026-09-26T02:50:06.222+0530","caller":"jobmanager/JobSummaryManager.go:113","msg":"    Job Duration Time:                    4m2s"}
{"level":"info","time":"2026-09-26T02:50:06.222+0530","caller":"jobmanager/JobSummaryManager.go:113","msg":"    Total Tasks:                          6"}
{"level":"info","time":"2026-09-26T02:50:06.222+0530","caller":"jobmanager/JobSummaryManager.go:113","msg":"    Cumulative Time Consumed:             5m38s"}
{"level":"info","time":"2026-09-26T02:50:06.222+0530","caller":"jobmanager/JobSummaryManager.go:113","msg":"    Total Stages:                         12"}
{"level":"info","time":"2026-09-26T02:50:06.222+0530","caller":"jobmanager/JobSummaryManager.go:113","msg":"    Pass discovery stage percentage:      0.00%"}
{"level":"info","time":"2026-09-26T02:50:06.222+0530","caller":"jobmanager/JobSummaryManager.go:113","msg":"    Failed discovery stage percentage:    0.00%"}
{"level":"info","time":"2026-09-26T02:50:06.222+0530","caller":"jobmanager/JobSummaryManager.go:113","msg":"    Pass pre stage percentage:            100.00%"}
{"level":"info","time":"2026-09-26T02:50:06.222+0530","caller":"jobmanager/JobSummaryManager.go:113","msg":"    Failed pre stage percentage:          0.00%"}
{"level":"info","time":"2026-09-26T02:50:06.222+0530","caller":"jobmanager/JobSummaryManager.go:113","msg":"    Pass test stage percentage:           100.00%"}
{"level":"info","time":"2026-09-26T02:50:06.222+0530","caller":"jobmanager/JobSummaryManager.go:113","msg":"    Failed test stage percentage:         0.00%"}
{"level":"info","time":"2026-09-26T02:50:06.222+0530","caller":"jobmanager/JobSummaryManager.go:113","msg":"    Pass post stage percentage:           0.00%"}
{"level":"info","time":"2026-09-26T02:50:06.222+0530","caller":"jobmanager/JobSummaryManager.go:113","msg":"    Failed post stage percentage:         0.00%"}
{"level":"info","time":"2026-09-26T02:50:06.222+0530","caller":"jobmanager/JobSummaryManager.go:113","msg":"    Failed Tasks:                         0"}
{"level":"info","time":"2026-09-26T02:50:06.222+0530","caller":"jobmanager/JobSummaryManager.go:58","msg":""}
{"level":"debug","time":"2026-09-26T02:50:06.223+0530","caller":"core/lifecycle.go:821","msg":"Context canceled"}
{"level":"info","time":"2026-09-26T02:50:06.223+0530","caller":"core/lifecycle.go:824","msg":"Stopping pipeline gracefully"}
{"level":"info","time":"2026-09-26T02:50:06.224+0530","caller":"jobmanager/manager.go:136","msg":"Job Link: https://hyperexecute.lambdatest.com/hyperexecute/task?jobId=8e41272b-995b-4b73-983c-36cee9039539\n"}
{"level":"debug","time":"2026-09-26T02:50:06.225+0530","caller":"core/lifecycle.go:76","msg":"Quit requested from main goroutine...."}
{"level":"debug","time":"2026-09-26T02:50:06.225+0530","caller":"core/lifecycle.go:77","msg":"Waiting for the goroutines to exit"}
{"level":"info","time":"2026-09-26T02:50:06.223+0530","caller":"events/manager.go:338","msg":"context done and stopping SSE"}
{"level":"debug","time":"2026-09-26T02:50:06.225+0530","caller":"events/manager.go:256","msg":"Stopping event manager"}
{"level":"debug","time":"2026-09-26T02:50:06.225+0530","caller":"core/lifecycle.go:80","msg":"All lifecycle goroutines exited"}
{"level":"debug","time":"2026-09-26T02:50:06.225+0530","caller":"cmd/bin.go:348","msg":"main: all goroutines have finished."}
{"level":"debug","time":"2026-09-26T02:51:29.461+0530","caller":"cmd/bin.go:138","msg":"cli os: windows, cli arch: amd64"}
{"level":"debug","time":"2026-09-26T02:51:29.462+0530","caller":"cmd/bin.go:139","msg":"Current binary version: 0.2.357, Environment: prod"}
{"level":"debug","time":"2026-09-26T02:51:30.267+0530","caller":"cmd/bin.go:148","msg":"Upstream version details: {Name:cli Min:0.2.265 Max:0.2.357} "}
{"level":"info","time":"2026-09-26T02:51:30.268+0530","caller":"cmd/bin.go:196","msg":"Generating TraceID for tracking request: 01M3D73NA8X784JTNY96NP89TY \n"}
{"level":"debug","time":"2026-09-26T02:51:34.261+0530","caller":"core/lifecycle.go:124","msg":"Setting environment"}
{"level":"debug","time":"2026-09-26T02:51:34.261+0530","caller":"core/lifecycle.go:127","msg":"Parsing config"}
{"level":"debug","time":"2026-09-26T02:51:34.262+0530","caller":"yamlconfigmanager/setup.go:746","msg":"Custom location for .hyperexecute.yaml specified. Using: hyperexecute.yaml"}
{"level":"debug","time":"2026-09-26T02:51:34.262+0530","caller":"yamlconfigmanager/setup.go:120","msg":"using hyperexecute config from : hyperexecute.yaml"}
{"level":"debug","time":"2026-09-26T02:51:34.263+0530","caller":"yamlconfigmanager/setup.go:2013","msg":"Environment variable not set against the variable - matrix.os mentioned in yaml"}
{"level":"debug","time":"2026-09-26T02:51:35.935+0530","caller":"yamlconfigmanager/setup.go:2250","msg":"Autodetecting test type in files of path : C:\\Users\\ROHIN\\Downloads\\playwright"}
{"level":"debug","time":"2026-09-26T02:51:35.935+0530","caller":"yamlconfigmanager/setup.go:2292","msg":"File in which test type is detected - C:\\Users\\ROHIN\\Downloads\\playwright/package.json"}
{"level":"debug","time":"2026-09-26T02:51:35.935+0530","caller":"yamlconfigmanager/setup.go:2293","msg":"Pre command in which test type is detected - npx playwright install"}
{"level":"debug","time":"2026-09-26T02:51:35.935+0530","caller":"yamlconfigmanager/setup.go:526","msg":"Automatic test type detected - playwright"}
{"level":"debug","time":"2026-09-26T02:51:36.608+0530","caller":"yamlconfigmanager/setup.go:1675","msg":"dynamic discovery redirect: flag off, keeping mode=dynamic"}
{"level":"debug","time":"2026-09-26T02:51:36.608+0530","caller":"yamlconfigmanager/setup.go:570","msg":"Tunnel: false"}
{"level":"info","time":"2026-09-26T02:51:36.608+0530","caller":"models/HypertestYamlConfig.go:993","msg":"\n\u001b[4m\u001b[1m\u001b[97mExecution Plan\u001b[0m\u001b[22m\u001b[24m"}
{"level":"info","time":"2026-09-26T02:51:36.609+0530","caller":"models/HypertestYamlConfig.go:796","msg":"Mode:    \u001b[36mmatrix\u001b[0m"}
{"level":"info","time":"2026-09-26T02:51:36.609+0530","caller":"models/HypertestYamlConfig.go:854","msg":"Runson:    \u001b[36m${matrix.os}\u001b[0m"}
{"level":"info","time":"2026-09-26T02:51:36.609+0530","caller":"models/HypertestYamlConfig.go:926","msg":"Report:    \u001b[36menabled\u001b[0m"}
{"level":"info","time":"2026-09-26T02:51:36.609+0530","caller":"models/HypertestYamlConfig.go:940","msg":"Artefacts:"}
{"level":"info","time":"2026-09-26T02:51:36.609+0530","caller":"models/HypertestYamlConfig.go:943","msg":"    Executed-Job-Artifacts:    \u001b[36mplaywright-report/index.html\u001b[0m"}
{"level":"info","time":"2026-09-26T02:51:36.609+0530","caller":"models/HypertestYamlConfig.go:958","msg":"Cache Directories:"}
{"level":"info","time":"2026-09-26T02:51:36.609+0530","caller":"models/HypertestYamlConfig.go:960","msg":"    \u001b[36mnode_modules\u001b[0m"}
{"level":"info","time":"2026-09-26T02:51:36.609+0530","caller":"models/HypertestYamlConfig.go:1006","msg":""}
{"level":"debug","time":"2026-09-26T02:51:36.609+0530","caller":"filevalidator/setup.go:50","msg":"Warning: Checking data.json file in current directory, no dataJsonPath found in .hyperexecute.yaml"}
{"level":"debug","time":"2026-09-26T02:51:36.609+0530","caller":"filevalidator/setup.go:54","msg":"Warning: data.json file doesn't exist"}
{"level":"info","time":"2026-09-26T02:51:39.783+0530","caller":"core/lifecycle.go:318","msg":"\u001b[102m\u001b[1m\u001b[30mYou've consumed 9.67 % of your limit. Free trial mins left - 271.00\u001b[0m\u001b[22m\u001b[0m"}
{"level":"debug","time":"2026-09-26T02:51:39.784+0530","caller":"core/lifecycle.go:397","msg":"Job ID: 9633634a-4bbc-4209-bb1c-f56d1180b8a3"}
{"level":"debug","time":"2026-09-26T02:51:39.784+0530","caller":"core/lifecycle.go:400","msg":"User - SwathyE, triggered job with ID 9633634a-4bbc-4209-bb1c-f56d1180b8a3 from CLI"}
{"level":"debug","time":"2026-09-26T02:51:39.784+0530","caller":"events/manager.go:97","msg":"Starting event manager"}
{"level":"debug","time":"2026-09-26T02:51:39.784+0530","caller":"core/lifecycle.go:403","msg":"User has provided playwright as test type for the job with ID 9633634a-4bbc-4209-bb1c-f56d1180b8a3"}
{"level":"debug","time":"2026-09-26T02:51:39.784+0530","caller":"events/manager.go:99","msg":"SSE enabled, getting SSE connection"}
{"level":"debug","time":"2026-09-26T02:51:39.788+0530","caller":"archivemanager/setup.go:341","msg":"digestMap: map[]"}
{"level":"debug","time":"2026-09-26T02:51:39.788+0530","caller":"archivemanager/setup.go:347","msg":"Creating archive of target directory: C:\\Users\\ROHIN\\Downloads\\playwright"}
{"level":"debug","time":"2026-09-26T02:51:39.803+0530","caller":"core/lifecycle.go:554","msg":"Zip file size: 9.17 kB"}
{"level":"debug","time":"2026-09-26T02:51:39.805+0530","caller":"core/lifecycle.go:564","msg":"Archive location: C:\\Users\\ROHIN\\Downloads\\playwright\\hyperexecute-code-9633634a-4bbc-4209-bb1c-f56d1180b8a3.zip\n"}
{"level":"debug","time":"2026-09-26T02:51:39.808+0530","caller":"receptionmanager/setup.go:441","msg":"number of entries in runtimes: 0, switching to new yaml format"}
{"level":"debug","time":"2026-09-26T02:51:39.808+0530","caller":"receptionmanager/setup.go:470","msg":"number of entries in partialreports: 0, switching to new yaml format"}
{"level":"debug","time":"2026-09-26T02:51:39.808+0530","caller":"receptionmanager/setup.go:221","msg":"policy enforce: feature flag off, skipping enforcement"}
{"level":"debug","time":"2026-09-26T02:51:39.809+0530","caller":"receptionmanager/setup.go:355","msg":"Uploading yaml : C:\\Users\\ROHIN\\Downloads\\playwright\\.updatedhyperexecute.yaml"}
{"level":"debug","time":"2026-09-26T02:51:39.809+0530","caller":"storage/azure.go:59","msg":"Payload size: 4.00 kB, source path C:\\Users\\ROHIN\\Downloads\\playwright\\.updatedhyperexecute.yaml"}
{"level":"debug","time":"2026-09-26T02:51:40.874+0530","caller":"events/manager.go:288","msg":"connection to hyperexecute server established successfully."}
{"level":"debug","time":"2026-09-26T02:51:43.162+0530","caller":"storage/azure.go:83","msg":"Azcopy output: \n\r100.0 %, 1 Done, 0 Failed, 0 Pending, 0 Skipped, 1 Total, 2-sec Throughput (Mb/s): 0.016\nTotal time taken to upload(min) :0.0333\n, stderr: "}
{"level":"info","time":"2026-09-26T02:51:43.162+0530","caller":"storage/azure.go:122","msg":"File: C:\\Users\\ROHIN\\Downloads\\playwright\\.updatedhyperexecute.yaml upload completed in 3.3533361s"}
{"level":"debug","time":"2026-09-26T02:51:43.163+0530","caller":"storage/azure.go:59","msg":"Payload size: 9.17 kB, source path C:\\Users\\ROHIN\\Downloads\\playwright\\hyperexecute-code-9633634a-4bbc-4209-bb1c-f56d1180b8a3.zip"}
{"level":"debug","time":"2026-09-26T02:51:46.317+0530","caller":"storage/azure.go:83","msg":"Azcopy output: \n\r100.0 %, 1 Done, 0 Failed, 0 Pending, 0 Skipped, 1 Total, 2-sec Throughput (Mb/s): 0.0367\nTotal time taken to upload(min) :0.0333\n, stderr: "}
{"level":"info","time":"2026-09-26T02:51:46.317+0530","caller":"storage/azure.go:122","msg":"File: C:\\Users\\ROHIN\\Downloads\\playwright\\hyperexecute-code-9633634a-4bbc-4209-bb1c-f56d1180b8a3.zip upload completed in 3.1546412s"}
{"level":"debug","time":"2026-09-26T02:51:46.319+0530","caller":"core/lifecycle.go:605","msg":"Successfully deleted code archive: C:\\Users\\ROHIN\\Downloads\\playwright\\hyperexecute-code-9633634a-4bbc-4209-bb1c-f56d1180b8a3.zip\n"}
{"level":"debug","time":"2026-09-26T02:51:46.320+0530","caller":"storage/azure.go:59","msg":"Payload size: 452 B, source path mask-9633634a-4bbc-4209-bb1c-f56d1180b8a3.yaml"}
{"level":"debug","time":"2026-09-26T02:51:49.535+0530","caller":"storage/azure.go:83","msg":"Azcopy output: \n\r100.0 %, 1 Done, 0 Failed, 0 Pending, 0 Skipped, 1 Total, 2-sec Throughput (Mb/s): 0.0018\nTotal time taken to upload(min) :0.0333\n, stderr: "}
{"level":"info","time":"2026-09-26T02:51:49.535+0530","caller":"storage/azure.go:122","msg":"File: mask-9633634a-4bbc-4209-bb1c-f56d1180b8a3.yaml upload completed in 3.2152504s"}
{"level":"debug","time":"2026-09-26T02:51:49.537+0530","caller":"httpclient/client.go:45","msg":"[DEBUG] POST https://api-hyperexecute.lambdatest.com/dispatcher/api/dispatcher"}
{"level":"info","time":"2026-09-26T02:51:51.208+0530","caller":"dispatchermanager/setup.go:94","msg":"Dispatch attempt to https://api-hyperexecute.lambdatest.com/dispatcher returned status 200"}
{"level":"debug","time":"2026-09-26T02:51:52.143+0530","caller":"jobmanager/sse_setup.go:192","msg":"Task id: HYPW-2752721-1790371309800840626IGH"}
{"level":"debug","time":"2026-09-26T02:51:52.143+0530","caller":"jobmanager/sse_setup.go:193","msg":"Sending new task alert to stage manager for taskId: HYPW-2752721-1790371309800840626IGH"}
{"level":"debug","time":"2026-09-26T02:51:52.143+0530","caller":"jobmanager/sse_setup.go:192","msg":"Task id: HYPW-2752721-1790371309805593289HDH"}
{"level":"debug","time":"2026-09-26T02:51:52.143+0530","caller":"jobmanager/sse_setup.go:193","msg":"Sending new task alert to stage manager for taskId: HYPW-2752721-1790371309805593289HDH"}
{"level":"debug","time":"2026-09-26T02:51:52.143+0530","caller":"jobmanager/sse_setup.go:192","msg":"Task id: HYPW-2752721-1790371309810649580GCG"}
{"level":"debug","time":"2026-09-26T02:51:52.143+0530","caller":"jobmanager/sse_setup.go:193","msg":"Sending new task alert to stage manager for taskId: HYPW-2752721-1790371309810649580GCG"}
{"level":"debug","time":"2026-09-26T02:51:52.143+0530","caller":"jobmanager/sse_setup.go:192","msg":"Task id: HYPL-2752721-1790371309815379800ISG"}
{"level":"debug","time":"2026-09-26T02:51:52.143+0530","caller":"jobmanager/sse_setup.go:193","msg":"Sending new task alert to stage manager for taskId: HYPL-2752721-1790371309815379800ISG"}
{"level":"debug","time":"2026-09-26T02:51:52.143+0530","caller":"jobmanager/sse_setup.go:192","msg":"Task id: HYPL-2752721-1790371309820373185BYN"}
{"level":"debug","time":"2026-09-26T02:51:52.143+0530","caller":"jobmanager/sse_setup.go:193","msg":"Sending new task alert to stage manager for taskId: HYPL-2752721-1790371309820373185BYN"}
{"level":"debug","time":"2026-09-26T02:51:52.143+0530","caller":"jobmanager/sse_setup.go:192","msg":"Task id: HYPL-2752721-1790371309825380382MUQ"}
{"level":"debug","time":"2026-09-26T02:51:52.143+0530","caller":"jobmanager/sse_setup.go:193","msg":"Sending new task alert to stage manager for taskId: HYPL-2752721-1790371309825380382MUQ"}
{"level":"info","time":"2026-09-26T02:51:54.946+0530","caller":"jobmanager/sse_setup.go:84","msg":"\nJob 9633634a-4bbc-4209-bb1c-f56d1180b8a3 has started RUNNING"}
{"level":"info","time":"2026-09-26T02:51:54.946+0530","caller":"jobmanager/manager.go:136","msg":"Job Link: https://hyperexecute.lambdatest.com/hyperexecute/task?jobId=9633634a-4bbc-4209-bb1c-f56d1180b8a3\n"}
{"level":"info","time":"2026-09-26T02:51:54.948+0530","caller":"terminal/terminal.go:187","msg":"✔ [1]  cache-download (1s)\n"}
{"level":"info","time":"2026-09-26T02:52:08.001+0530","caller":"terminal/terminal.go:187","msg":"✔ [2]  cache-download (1s)\n"}
{"level":"info","time":"2026-09-26T02:52:31.505+0530","caller":"terminal/terminal.go:187","msg":"✔ [1]  pre (37s)\n"}
{"level":"info","time":"2026-09-26T02:52:47.070+0530","caller":"terminal/terminal.go:187","msg":"✔ [2]  pre (40s)\n"}
{"level":"info","time":"2026-09-26T02:52:47.787+0530","caller":"terminal/terminal.go:187","msg":"✔ [1]  npx playwright test tests/test1 (8s)\n"}
{"level":"info","time":"2026-09-26T02:52:52.909+0530","caller":"terminal/terminal.go:187","msg":"✔ [3]  cache-download (1s)\n"}
{"level":"info","time":"2026-09-26T02:53:10.211+0530","caller":"terminal/terminal.go:187","msg":"✔ [2]  npx playwright test tests/test2 (15s)\n"}
{"level":"info","time":"2026-09-26T02:53:15.816+0530","caller":"terminal/terminal.go:187","msg":"✔ [4]  cache-download (1s)\n"}
{"level":"info","time":"2026-09-26T02:53:33.103+0530","caller":"terminal/terminal.go:187","msg":"✔ [3]  pre (41s)\n"}
{"level":"info","time":"2026-09-26T02:53:48.104+0530","caller":"terminal/terminal.go:187","msg":"✔ [4]  pre (33s)\n"}
{"level":"info","time":"2026-09-26T02:53:57.627+0530","caller":"terminal/terminal.go:187","msg":"✔ [3]  npx playwright test tests/test2 (16s)\n"}
{"level":"info","time":"2026-09-26T02:54:01.822+0530","caller":"terminal/terminal.go:187","msg":"✔ [5]  cache-download (1s)\n"}
{"level":"info","time":"2026-09-26T02:54:02.716+0530","caller":"terminal/terminal.go:187","msg":"✔ [4]  npx playwright test tests/test1 (7s)\n"}
{"level":"info","time":"2026-09-26T02:54:12.271+0530","caller":"terminal/terminal.go:187","msg":"✔ [6]  cache-download (1s)\n"}
{"level":"info","time":"2026-09-26T02:54:30.191+0530","caller":"terminal/terminal.go:187","msg":"✔ [5]  pre (29s)\n"}
{"level":"info","time":"2026-09-26T02:54:38.590+0530","caller":"terminal/terminal.go:187","msg":"✔ [6]  pre (26s)\n"}
{"level":"info","time":"2026-09-26T02:54:48.522+0530","caller":"terminal/terminal.go:187","msg":"✔ [5]  npx playwright test tests/test2 (10s)\n"}
{"level":"info","time":"2026-09-26T02:54:55.895+0530","caller":"terminal/terminal.go:187","msg":"✔ [6]  npx playwright test tests/test2 (10s)\n"}
{"level":"debug","time":"2026-09-26T02:55:00.681+0530","caller":"jobmanager/sse_setup.go:134","msg":"\n\nJob status"}
{"level":"info","time":"2026-09-26T02:55:01.338+0530","caller":"jobmanager/JobSummaryManager.go:54","msg":"\n PARTIALLY COMPLETED \n"}
{"level":"info","time":"2026-09-26T02:55:01.338+0530","caller":"jobmanager/JobSummaryManager.go:113","msg":"    Test Execution Time:                  2m15s"}
{"level":"info","time":"2026-09-26T02:55:01.338+0530","caller":"jobmanager/JobSummaryManager.go:113","msg":"    Job Duration Time:                    3m5s"}
{"level":"info","time":"2026-09-26T02:55:01.338+0530","caller":"jobmanager/JobSummaryManager.go:113","msg":"    Total Tasks:                          6"}
{"level":"info","time":"2026-09-26T02:55:01.338+0530","caller":"jobmanager/JobSummaryManager.go:113","msg":"    Cumulative Time Consumed:             5m39s"}
{"level":"info","time":"2026-09-26T02:55:01.338+0530","caller":"jobmanager/JobSummaryManager.go:113","msg":"    Total Stages:                         12"}
{"level":"info","time":"2026-09-26T02:55:01.338+0530","caller":"jobmanager/JobSummaryManager.go:113","msg":"    Pass discovery stage percentage:      0.00%"}
{"level":"info","time":"2026-09-26T02:55:01.338+0530","caller":"jobmanager/JobSummaryManager.go:113","msg":"    Failed discovery stage percentage:    0.00%"}
{"level":"info","time":"2026-09-26T02:55:01.338+0530","caller":"jobmanager/JobSummaryManager.go:113","msg":"    Pass pre stage percentage:            100.00%"}
{"level":"info","time":"2026-09-26T02:55:01.338+0530","caller":"jobmanager/JobSummaryManager.go:113","msg":"    Failed pre stage percentage:          0.00%"}
{"level":"info","time":"2026-09-26T02:55:01.338+0530","caller":"jobmanager/JobSummaryManager.go:113","msg":"    Pass test stage percentage:           100.00%"}
{"level":"info","time":"2026-09-26T02:55:01.338+0530","caller":"jobmanager/JobSummaryManager.go:113","msg":"    Failed test stage percentage:         0.00%"}
{"level":"info","time":"2026-09-26T02:55:01.338+0530","caller":"jobmanager/JobSummaryManager.go:113","msg":"    Pass post stage percentage:           0.00%"}
{"level":"info","time":"2026-09-26T02:55:01.339+0530","caller":"jobmanager/JobSummaryManager.go:113","msg":"    Failed post stage percentage:         0.00%"}
{"level":"info","time":"2026-09-26T02:55:01.339+0530","caller":"jobmanager/JobSummaryManager.go:113","msg":"    Failed Tasks:                         0"}
{"level":"info","time":"2026-09-26T02:55:01.339+0530","caller":"jobmanager/JobSummaryManager.go:58","msg":""}
{"level":"debug","time":"2026-09-26T02:55:01.340+0530","caller":"core/lifecycle.go:821","msg":"Context canceled"}
{"level":"info","time":"2026-09-26T02:55:01.340+0530","caller":"core/lifecycle.go:824","msg":"Stopping pipeline gracefully"}
{"level":"info","time":"2026-09-26T02:55:01.340+0530","caller":"events/manager.go:338","msg":"context done and stopping SSE"}
{"level":"debug","time":"2026-09-26T02:55:01.341+0530","caller":"events/manager.go:256","msg":"Stopping event manager"}
{"level":"info","time":"2026-09-26T02:55:01.341+0530","caller":"jobmanager/manager.go:136","msg":"Job Link: https://hyperexecute.lambdatest.com/hyperexecute/task?jobId=9633634a-4bbc-4209-bb1c-f56d1180b8a3\n"}
{"level":"debug","time":"2026-09-26T02:55:01.341+0530","caller":"core/lifecycle.go:76","msg":"Quit requested from main goroutine...."}
{"level":"debug","time":"2026-09-26T02:55:01.341+0530","caller":"core/lifecycle.go:77","msg":"Waiting for the goroutines to exit"}
{"level":"debug","time":"2026-09-26T02:55:01.341+0530","caller":"core/lifecycle.go:80","msg":"All lifecycle goroutines exited"}
{"level":"debug","time":"2026-09-26T02:55:01.341+0530","caller":"cmd/bin.go:348","msg":"main: all goroutines have finished."}
{"level":"debug","time":"2026-09-26T02:57:31.244+0530","caller":"cmd/bin.go:138","msg":"cli os: windows, cli arch: amd64"}
{"level":"debug","time":"2026-09-26T02:57:31.244+0530","caller":"cmd/bin.go:139","msg":"Current binary version: 0.2.357, Environment: prod"}
{"level":"debug","time":"2026-09-26T02:57:32.062+0530","caller":"cmd/bin.go:148","msg":"Upstream version details: {Name:cli Min:0.2.265 Max:0.2.357} "}
{"level":"info","time":"2026-09-26T02:57:32.063+0530","caller":"cmd/bin.go:196","msg":"Generating TraceID for tracking request: 01M3D7EPNF176J32M2DKXRQ151 \n"}
{"level":"debug","time":"2026-09-26T02:57:35.916+0530","caller":"core/lifecycle.go:124","msg":"Setting environment"}
{"level":"debug","time":"2026-09-26T02:57:35.917+0530","caller":"core/lifecycle.go:127","msg":"Parsing config"}
{"level":"debug","time":"2026-09-26T02:57:35.917+0530","caller":"yamlconfigmanager/setup.go:746","msg":"Custom location for .hyperexecute.yaml specified. Using: hyperexecute.yaml"}
{"level":"debug","time":"2026-09-26T02:57:35.917+0530","caller":"yamlconfigmanager/setup.go:120","msg":"using hyperexecute config from : hyperexecute.yaml"}
{"level":"debug","time":"2026-09-26T02:57:35.918+0530","caller":"yamlconfigmanager/setup.go:2013","msg":"Environment variable not set against the variable - matrix.os mentioned in yaml"}
{"level":"debug","time":"2026-09-26T02:57:37.302+0530","caller":"yamlconfigmanager/setup.go:2250","msg":"Autodetecting test type in files of path : C:\\Users\\ROHIN\\Downloads\\playwright"}
{"level":"debug","time":"2026-09-26T02:57:37.303+0530","caller":"yamlconfigmanager/setup.go:2292","msg":"File in which test type is detected - C:\\Users\\ROHIN\\Downloads\\playwright/package.json"}
{"level":"debug","time":"2026-09-26T02:57:37.303+0530","caller":"yamlconfigmanager/setup.go:2293","msg":"Pre command in which test type is detected - npx playwright install"}
{"level":"debug","time":"2026-09-26T02:57:37.303+0530","caller":"yamlconfigmanager/setup.go:526","msg":"Automatic test type detected - playwright"}
{"level":"debug","time":"2026-09-26T02:57:37.948+0530","caller":"yamlconfigmanager/setup.go:1675","msg":"dynamic discovery redirect: flag off, keeping mode=dynamic"}
{"level":"debug","time":"2026-09-26T02:57:37.948+0530","caller":"yamlconfigmanager/setup.go:570","msg":"Tunnel: false"}
{"level":"info","time":"2026-09-26T02:57:37.948+0530","caller":"models/HypertestYamlConfig.go:993","msg":"\n\u001b[4m\u001b[1m\u001b[97mExecution Plan\u001b[0m\u001b[22m\u001b[24m"}
{"level":"info","time":"2026-09-26T02:57:37.949+0530","caller":"models/HypertestYamlConfig.go:796","msg":"Mode:    \u001b[36mmatrix\u001b[0m"}
{"level":"info","time":"2026-09-26T02:57:37.949+0530","caller":"models/HypertestYamlConfig.go:854","msg":"Runson:    \u001b[36m${matrix.os}\u001b[0m"}
{"level":"info","time":"2026-09-26T02:57:37.949+0530","caller":"models/HypertestYamlConfig.go:926","msg":"Report:    \u001b[36menabled\u001b[0m"}
{"level":"info","time":"2026-09-26T02:57:37.949+0530","caller":"models/HypertestYamlConfig.go:940","msg":"Artefacts:"}
{"level":"info","time":"2026-09-26T02:57:37.949+0530","caller":"models/HypertestYamlConfig.go:943","msg":"    Executed-Job-Artifacts:    \u001b[36mplaywright-report/index.html\u001b[0m"}
{"level":"info","time":"2026-09-26T02:57:37.950+0530","caller":"models/HypertestYamlConfig.go:958","msg":"Cache Directories:"}
{"level":"info","time":"2026-09-26T02:57:37.950+0530","caller":"models/HypertestYamlConfig.go:960","msg":"    \u001b[36mnode_modules\u001b[0m"}
{"level":"info","time":"2026-09-26T02:57:37.950+0530","caller":"models/HypertestYamlConfig.go:1006","msg":""}
{"level":"debug","time":"2026-09-26T02:57:37.950+0530","caller":"filevalidator/setup.go:50","msg":"Warning: Checking data.json file in current directory, no dataJsonPath found in .hyperexecute.yaml"}
{"level":"debug","time":"2026-09-26T02:57:37.950+0530","caller":"filevalidator/setup.go:54","msg":"Warning: data.json file doesn't exist"}
{"level":"info","time":"2026-09-26T02:57:40.983+0530","caller":"core/lifecycle.go:318","msg":"\u001b[102m\u001b[1m\u001b[30mYou've consumed 11.67 % of your limit. Free trial mins left - 265.00\u001b[0m\u001b[22m\u001b[0m"}
{"level":"debug","time":"2026-09-26T02:57:40.983+0530","caller":"core/lifecycle.go:397","msg":"Job ID: d56fa1d9-a2e2-405b-881c-b81c398f438a"}
{"level":"debug","time":"2026-09-26T02:57:40.983+0530","caller":"core/lifecycle.go:400","msg":"User - SwathyE, triggered job with ID d56fa1d9-a2e2-405b-881c-b81c398f438a from CLI"}
{"level":"debug","time":"2026-09-26T02:57:40.983+0530","caller":"core/lifecycle.go:403","msg":"User has provided playwright as test type for the job with ID d56fa1d9-a2e2-405b-881c-b81c398f438a"}
{"level":"debug","time":"2026-09-26T02:57:40.983+0530","caller":"events/manager.go:97","msg":"Starting event manager"}
{"level":"debug","time":"2026-09-26T02:57:40.983+0530","caller":"events/manager.go:99","msg":"SSE enabled, getting SSE connection"}
{"level":"debug","time":"2026-09-26T02:57:40.984+0530","caller":"archivemanager/setup.go:341","msg":"digestMap: map[]"}
{"level":"debug","time":"2026-09-26T02:57:40.985+0530","caller":"archivemanager/setup.go:347","msg":"Creating archive of target directory: C:\\Users\\ROHIN\\Downloads\\playwright"}
{"level":"debug","time":"2026-09-26T02:57:41.000+0530","caller":"core/lifecycle.go:554","msg":"Zip file size: 9.23 kB"}
{"level":"debug","time":"2026-09-26T02:57:41.001+0530","caller":"core/lifecycle.go:564","msg":"Archive location: C:\\Users\\ROHIN\\Downloads\\playwright\\hyperexecute-code-d56fa1d9-a2e2-405b-881c-b81c398f438a.zip\n"}
{"level":"debug","time":"2026-09-26T02:57:41.002+0530","caller":"receptionmanager/setup.go:441","msg":"number of entries in runtimes: 0, switching to new yaml format"}
{"level":"debug","time":"2026-09-26T02:57:41.002+0530","caller":"receptionmanager/setup.go:470","msg":"number of entries in partialreports: 0, switching to new yaml format"}
{"level":"debug","time":"2026-09-26T02:57:41.002+0530","caller":"receptionmanager/setup.go:221","msg":"policy enforce: feature flag off, skipping enforcement"}
{"level":"debug","time":"2026-09-26T02:57:41.003+0530","caller":"receptionmanager/setup.go:355","msg":"Uploading yaml : C:\\Users\\ROHIN\\Downloads\\playwright\\.updatedhyperexecute.yaml"}
{"level":"debug","time":"2026-09-26T02:57:41.003+0530","caller":"storage/azure.go:59","msg":"Payload size: 4.00 kB, source path C:\\Users\\ROHIN\\Downloads\\playwright\\.updatedhyperexecute.yaml"}
{"level":"debug","time":"2026-09-26T02:57:42.366+0530","caller":"events/manager.go:288","msg":"connection to hyperexecute server established successfully."}
{"level":"debug","time":"2026-09-26T02:57:44.381+0530","caller":"storage/azure.go:83","msg":"Azcopy output: \n\r100.0 %, 1 Done, 0 Failed, 0 Pending, 0 Skipped, 1 Total, 2-sec Throughput (Mb/s): 0.016\nTotal time taken to upload(min) :0.0333\n, stderr: "}
{"level":"info","time":"2026-09-26T02:57:44.381+0530","caller":"storage/azure.go:122","msg":"File: C:\\Users\\ROHIN\\Downloads\\playwright\\.updatedhyperexecute.yaml upload completed in 3.3775794s"}
{"level":"debug","time":"2026-09-26T02:57:44.381+0530","caller":"storage/azure.go:59","msg":"Payload size: 9.23 kB, source path C:\\Users\\ROHIN\\Downloads\\playwright\\hyperexecute-code-d56fa1d9-a2e2-405b-881c-b81c398f438a.zip"}
{"level":"debug","time":"2026-09-26T02:57:47.807+0530","caller":"storage/azure.go:83","msg":"Azcopy output: \n\r100.0 %, 1 Done, 0 Failed, 0 Pending, 0 Skipped, 1 Total, 2-sec Throughput (Mb/s): 0.0369\nTotal time taken to upload(min) :0.0333\n, stderr: "}
{"level":"info","time":"2026-09-26T02:57:47.807+0530","caller":"storage/azure.go:122","msg":"File: C:\\Users\\ROHIN\\Downloads\\playwright\\hyperexecute-code-d56fa1d9-a2e2-405b-881c-b81c398f438a.zip upload completed in 3.4261969s"}
{"level":"debug","time":"2026-09-26T02:57:47.808+0530","caller":"core/lifecycle.go:605","msg":"Successfully deleted code archive: C:\\Users\\ROHIN\\Downloads\\playwright\\hyperexecute-code-d56fa1d9-a2e2-405b-881c-b81c398f438a.zip\n"}
{"level":"debug","time":"2026-09-26T02:57:47.811+0530","caller":"storage/azure.go:59","msg":"Payload size: 452 B, source path mask-d56fa1d9-a2e2-405b-881c-b81c398f438a.yaml"}
{"level":"debug","time":"2026-09-26T02:57:51.388+0530","caller":"storage/azure.go:83","msg":"Azcopy output: \n\r100.0 %, 1 Done, 0 Failed, 0 Pending, 0 Skipped, 1 Total, 2-sec Throughput (Mb/s): 0.0018\nTotal time taken to upload(min) :0.0333\n, stderr: "}
{"level":"info","time":"2026-09-26T02:57:51.388+0530","caller":"storage/azure.go:122","msg":"File: mask-d56fa1d9-a2e2-405b-881c-b81c398f438a.yaml upload completed in 3.5771048s"}
{"level":"debug","time":"2026-09-26T02:57:51.390+0530","caller":"httpclient/client.go:45","msg":"[DEBUG] POST https://api-hyperexecute.lambdatest.com/dispatcher/api/dispatcher"}
{"level":"info","time":"2026-09-26T02:57:52.728+0530","caller":"dispatchermanager/setup.go:94","msg":"Dispatch attempt to https://api-hyperexecute.lambdatest.com/dispatcher returned status 200"}
{"level":"debug","time":"2026-09-26T02:57:53.679+0530","caller":"jobmanager/sse_setup.go:192","msg":"Task id: HYPW-2752721-1790371671360148229ADX"}
{"level":"debug","time":"2026-09-26T02:57:53.679+0530","caller":"jobmanager/sse_setup.go:193","msg":"Sending new task alert to stage manager for taskId: HYPW-2752721-1790371671360148229ADX"}
{"level":"debug","time":"2026-09-26T02:57:53.679+0530","caller":"jobmanager/sse_setup.go:192","msg":"Task id: HYPW-2752721-1790371671365133655GMV"}
{"level":"debug","time":"2026-09-26T02:57:53.679+0530","caller":"jobmanager/sse_setup.go:193","msg":"Sending new task alert to stage manager for taskId: HYPW-2752721-1790371671365133655GMV"}
{"level":"debug","time":"2026-09-26T02:57:53.679+0530","caller":"jobmanager/sse_setup.go:192","msg":"Task id: HYPW-2752721-1790371671369923254HJT"}
{"level":"debug","time":"2026-09-26T02:57:53.679+0530","caller":"jobmanager/sse_setup.go:193","msg":"Sending new task alert to stage manager for taskId: HYPW-2752721-1790371671369923254HJT"}
{"level":"debug","time":"2026-09-26T02:57:53.679+0530","caller":"jobmanager/sse_setup.go:192","msg":"Task id: HYPL-2752721-1790371671375564213TFI"}
{"level":"debug","time":"2026-09-26T02:57:53.679+0530","caller":"jobmanager/sse_setup.go:193","msg":"Sending new task alert to stage manager for taskId: HYPL-2752721-1790371671375564213TFI"}
{"level":"debug","time":"2026-09-26T02:57:53.680+0530","caller":"jobmanager/sse_setup.go:192","msg":"Task id: HYPL-2752721-1790371671380732997AOY"}
{"level":"debug","time":"2026-09-26T02:57:53.680+0530","caller":"jobmanager/sse_setup.go:193","msg":"Sending new task alert to stage manager for taskId: HYPL-2752721-1790371671380732997AOY"}
{"level":"debug","time":"2026-09-26T02:57:53.680+0530","caller":"jobmanager/sse_setup.go:192","msg":"Task id: HYPL-2752721-1790371671385596693MHZ"}
{"level":"debug","time":"2026-09-26T02:57:53.680+0530","caller":"jobmanager/sse_setup.go:193","msg":"Sending new task alert to stage manager for taskId: HYPL-2752721-1790371671385596693MHZ"}
{"level":"debug","time":"2026-09-26T02:58:23.680+0530","caller":"events/manager.go:356","msg":"No new messages received from SSE for jobID: d56fa1d9-a2e2-405b-881c-b81c398f438a. Fetching from APIs"}
{"level":"info","time":"2026-09-26T02:58:24.597+0530","caller":"jobmanager/sse_setup.go:86","msg":"\nJob d56fa1d9-a2e2-405b-881c-b81c398f438a has INITIATED"}
{"level":"info","time":"2026-09-26T02:58:24.597+0530","caller":"jobmanager/manager.go:136","msg":"Job Link: https://hyperexecute.lambdatest.com/hyperexecute/task?jobId=d56fa1d9-a2e2-405b-881c-b81c398f438a\n"}
{"level":"debug","time":"2026-09-26T02:58:55.415+0530","caller":"events/manager.go:356","msg":"No new messages received from SSE for jobID: d56fa1d9-a2e2-405b-881c-b81c398f438a. Fetching from APIs"}
{"level":"debug","time":"2026-09-26T02:59:26.853+0530","caller":"events/manager.go:356","msg":"No new messages received from SSE for jobID: d56fa1d9-a2e2-405b-881c-b81c398f438a. Fetching from APIs"}
{"level":"info","time":"2026-09-26T02:59:53.760+0530","caller":"terminal/terminal.go:187","msg":"✔ [1]  cache-download (1s)\n"}
{"level":"info","time":"2026-09-26T03:00:06.110+0530","caller":"terminal/terminal.go:187","msg":"✔ [2]  cache-download (1s)\n"}
{"level":"info","time":"2026-09-26T03:00:30.655+0530","caller":"terminal/terminal.go:187","msg":"✔ [1]  pre (37s)\n"}
{"level":"info","time":"2026-09-26T03:00:47.756+0530","caller":"terminal/terminal.go:187","msg":"✔ [1]  npx playwright test tests/test1 (10s)\n"}
{"level":"info","time":"2026-09-26T03:00:51.547+0530","caller":"terminal/terminal.go:187","msg":"✔ [2]  pre (45s)\n"}
{"level":"info","time":"2026-09-26T03:00:52.939+0530","caller":"terminal/terminal.go:187","msg":"✔ [3]  cache-download (1s)\n"}
{"level":"info","time":"2026-09-26T03:01:14.178+0530","caller":"terminal/terminal.go:187","msg":"✔ [2]  npx playwright test tests/test2 (14s)\n"}
{"level":"info","time":"2026-09-26T03:01:25.748+0530","caller":"terminal/terminal.go:187","msg":"✔ [4]  cache-download (1s)\n"}
{"level":"info","time":"2026-09-26T03:01:28.979+0530","caller":"terminal/terminal.go:187","msg":"✔ [3]  pre (37s)\n"}
{"level":"info","time":"2026-09-26T03:01:50.631+0530","caller":"terminal/terminal.go:187","msg":"✔ [3]  npx playwright test tests/test2 (13s)\n"}
{"level":"info","time":"2026-09-26T03:01:52.089+0530","caller":"terminal/terminal.go:187","msg":"✔ [4]  pre (27s)\n"}
{"level":"info","time":"2026-09-26T03:01:56.674+0530","caller":"terminal/terminal.go:187","msg":"✔ [5]  cache-download (1s)\n"}
{"level":"info","time":"2026-09-26T03:02:05.704+0530","caller":"terminal/terminal.go:187","msg":"✔ [4]  npx playwright test tests/test1 (6s)\n"}
{"level":"info","time":"2026-09-26T03:02:20.227+0530","caller":"terminal/terminal.go:187","msg":"✔ [6]  cache-download (1s)\n"}
{"level":"info","time":"2026-09-26T03:02:22.788+0530","caller":"terminal/terminal.go:187","msg":"✔ [5]  pre (27s)\n"}
{"level":"info","time":"2026-09-26T03:02:40.196+0530","caller":"terminal/terminal.go:187","msg":"✔ [5]  npx playwright test tests/test2 (9s)\n"}
{"level":"info","time":"2026-09-26T03:02:47.429+0530","caller":"terminal/terminal.go:187","msg":"✔ [6]  pre (27s)\n"}
{"level":"info","time":"2026-09-26T03:03:04.773+0530","caller":"terminal/terminal.go:187","msg":"✔ [6]  npx playwright test tests/test2 (10s)\n"}
{"level":"debug","time":"2026-09-26T03:03:09.280+0530","caller":"jobmanager/sse_setup.go:134","msg":"\n\nJob status"}
{"level":"info","time":"2026-09-26T03:03:10.217+0530","caller":"jobmanager/JobSummaryManager.go:54","msg":"\n PARTIALLY COMPLETED \n"}
{"level":"info","time":"2026-09-26T03:03:10.217+0530","caller":"jobmanager/JobSummaryManager.go:113","msg":"    Test Execution Time:                  2m26s"}
{"level":"info","time":"2026-09-26T03:03:10.217+0530","caller":"jobmanager/JobSummaryManager.go:113","msg":"    Job Duration Time:                    3m15s"}
{"level":"info","time":"2026-09-26T03:03:10.217+0530","caller":"jobmanager/JobSummaryManager.go:113","msg":"    Total Tasks:                          6"}
{"level":"info","time":"2026-09-26T03:03:10.217+0530","caller":"jobmanager/JobSummaryManager.go:113","msg":"    Cumulative Time Consumed:             5m31s"}
{"level":"info","time":"2026-09-26T03:03:10.217+0530","caller":"jobmanager/JobSummaryManager.go:113","msg":"    Total Stages:                         12"}
{"level":"info","time":"2026-09-26T03:03:10.218+0530","caller":"jobmanager/JobSummaryManager.go:113","msg":"    Pass discovery stage percentage:      0.00%"}
{"level":"info","time":"2026-09-26T03:03:10.218+0530","caller":"jobmanager/JobSummaryManager.go:113","msg":"    Failed discovery stage percentage:    0.00%"}
{"level":"info","time":"2026-09-26T03:03:10.218+0530","caller":"jobmanager/JobSummaryManager.go:113","msg":"    Pass pre stage percentage:            100.00%"}
{"level":"info","time":"2026-09-26T03:03:10.218+0530","caller":"jobmanager/JobSummaryManager.go:113","msg":"    Failed pre stage percentage:          0.00%"}
{"level":"info","time":"2026-09-26T03:03:10.218+0530","caller":"jobmanager/JobSummaryManager.go:113","msg":"    Pass test stage percentage:           100.00%"}
{"level":"info","time":"2026-09-26T03:03:10.218+0530","caller":"jobmanager/JobSummaryManager.go:113","msg":"    Failed test stage percentage:         0.00%"}
{"level":"info","time":"2026-09-26T03:03:10.218+0530","caller":"jobmanager/JobSummaryManager.go:113","msg":"    Pass post stage percentage:           0.00%"}
{"level":"info","time":"2026-09-26T03:03:10.218+0530","caller":"jobmanager/JobSummaryManager.go:113","msg":"    Failed post stage percentage:         0.00%"}
{"level":"info","time":"2026-09-26T03:03:10.218+0530","caller":"jobmanager/JobSummaryManager.go:113","msg":"    Failed Tasks:                         0"}
{"level":"info","time":"2026-09-26T03:03:10.219+0530","caller":"jobmanager/JobSummaryManager.go:58","msg":""}
{"level":"debug","time":"2026-09-26T03:03:10.224+0530","caller":"core/lifecycle.go:821","msg":"Context canceled"}
{"level":"info","time":"2026-09-26T03:03:10.224+0530","caller":"core/lifecycle.go:824","msg":"Stopping pipeline gracefully"}
{"level":"info","time":"2026-09-26T03:03:10.224+0530","caller":"events/manager.go:338","msg":"context done and stopping SSE"}
{"level":"info","time":"2026-09-26T03:03:10.225+0530","caller":"jobmanager/manager.go:136","msg":"Job Link: https://hyperexecute.lambdatest.com/hyperexecute/task?jobId=d56fa1d9-a2e2-405b-881c-b81c398f438a\n"}
{"level":"debug","time":"2026-09-26T03:03:10.225+0530","caller":"events/manager.go:256","msg":"Stopping event manager"}
{"level":"debug","time":"2026-09-26T03:03:10.225+0530","caller":"core/lifecycle.go:76","msg":"Quit requested from main goroutine...."}
{"level":"debug","time":"2026-09-26T03:03:10.226+0530","caller":"core/lifecycle.go:77","msg":"Waiting for the goroutines to exit"}
{"level":"debug","time":"2026-09-26T03:03:10.226+0530","caller":"core/lifecycle.go:80","msg":"All lifecycle goroutines exited"}
{"level":"debug","time":"2026-09-26T03:03:10.226+0530","caller":"cmd/bin.go:348","msg":"main: all goroutines have finished."}
